shots.team,shots.player,shots.minute,shots.outcome.name,shots.type.name,shots.body.part,shots.technique
Manchester City WFC,Georgia Stanway,1,Saved,Open Play,Right Foot,Normal
Chelsea LFC,Ramona Bachmann,4,Blocked,Open Play,Head,Normal
Chelsea LFC,Bethany England,5,Off T,Open Play,Right Foot,Normal
Manchester City WFC,Melissa Lawley,18,Blocked,Open Play,Right Foot,Normal
Manchester City WFC,Jennifer Beattie,18,Saved,Open Play,Head,Normal
Chelsea LFC,Bethany England,22,Saved,Open Play,Left Foot,Normal
Manchester City WFC,Nikita Parris,24,Off T,Open Play,Left Foot,Normal
Chelsea LFC,Karen Julia Carney,33,Off T,Free Kick,Right Foot,Normal
Manchester City WFC,Melissa Lawley,35,Saved,Open Play,Right Foot,Normal
Chelsea LFC,Maren Nævdal Mjelde,35,Saved,Open Play,Right Foot,Normal
Chelsea LFC,Karen Julia Carney,39,Off T,Open Play,Right Foot,Normal
Chelsea LFC,So-yun Ji,40,Blocked,Open Play,Right Foot,Normal
Chelsea LFC,Ramona Bachmann,45,Saved,Open Play,Right Foot,Normal
Manchester City WFC,Georgia Stanway,46,Off T,Open Play,Right Foot,Normal
Manchester City WFC,Stephanie Houghton,53,Off T,Open Play,Head,Normal
Manchester City WFC,Stephanie Houghton,55,Off T,Open Play,Head,Diving Header
Manchester City WFC,Stephanie Houghton,59,Off T,Free Kick,Right Foot,Normal
Manchester City WFC,Melissa Lawley,61,Blocked,Open Play,Right Foot,Normal
Manchester City WFC,Stephanie Houghton,61,Blocked,Open Play,Head,Diving Header
Chelsea LFC,Ramona Bachmann,61,Off T,Open Play,Right Foot,Backheel
Manchester City WFC,Nikita Parris,63,Off T,Open Play,Right Foot,Half Volley
Chelsea LFC,Ramona Bachmann,65,Saved,Open Play,Left Foot,Normal
Chelsea LFC,So-yun Ji,69,Blocked,Open Play,Right Foot,Normal
Manchester City WFC,Nadia Nadim,70,Off T,Open Play,Right Foot,Normal
Chelsea LFC,Francesca Kirby,73,Off T,Open Play,Right Foot,Normal
Manchester City WFC,Jennifer Beattie,74,Wayward,Open Play,Head,Normal
Manchester City WFC,Nikita Parris,74,Blocked,Open Play,Right Foot,Normal
Manchester City WFC,Nikita Parris,74,Blocked,Open Play,Right Foot,Volley
Chelsea LFC,Drew Spence,83,Saved,Open Play,Right Foot,Normal
Chelsea LFC,Erin Cuthbert,90,Saved,Open Play,Right Foot,Normal
Chelsea LFC,Drew Spence,94,Blocked,Open Play,Right Foot,Normal
Bristol City WFC,Ella Rutherford,20,Wayward,Open Play,Right Foot,Overhead Kick
Bristol City WFC,Juliette Kemppi,25,Saved,Open Play,Left Foot,Normal
Bristol City WFC,Ella Rutherford,29,Wayward,Open Play,Left Foot,Normal
Brighton & Hove Albion WFC,Kayleigh Green,35,Saved,Open Play,Right Foot,Normal
Bristol City WFC,Lucy Graham,38,Off T,Open Play,Left Foot,Normal
Bristol City WFC,Danique Kerkdijk,47,Off T,Open Play,Right Foot,Volley
Brighton & Hove Albion WFC,Kate Natkiel,51,Blocked,Open Play,Right Foot,Normal
Brighton & Hove Albion WFC,Bethan Roe,52,Saved,Open Play,Left Foot,Normal
Brighton & Hove Albion WFC,Laura Rafferty,53,Off T,Open Play,Right Foot,Half Volley
Brighton & Hove Albion WFC,Kayleigh Green,57,Off T,Open Play,Head,Normal
Bristol City WFC,Lucy Graham,70,Goal,Open Play,Right Foot,Lob
Bristol City WFC,Carla Humphrey,77,Blocked,Open Play,Right Foot,Normal
Bristol City WFC,Lucy Graham,91,Saved,Open Play,Right Foot,Normal
Reading WFC,Fara Tanya Franki Williams Merrett,2,Off T,Open Play,Left Foot,Half Volley
Reading WFC,Gemma Suzanne Davison,4,Goal,Open Play,Right Foot,Lob
Yeovil Town LFC,Anne-Marie Heatherson,7,Saved,Open Play,Head,Normal
Reading WFC,Brooke Chaplen,9,Off T,Open Play,Head,Normal
Reading WFC,Fara Tanya Franki Williams Merrett,10,Goal,Open Play,Left Foot,Normal
Reading WFC,Brooke Chaplen,24,Off T,Open Play,Right Foot,Normal
Reading WFC,Mayumi Pacheco,26,Off T,Open Play,Left Foot,Normal
Reading WFC,Natasha Harding,28,Off T,Open Play,Right Foot,Normal
Yeovil Town LFC,Olivia Fergusson,29,Saved,Open Play,Right Foot,Normal
Yeovil Town LFC,Megan Alexander,29,Blocked,Open Play,Left Foot,Normal
Reading WFC,Brooke Chaplen,43,Off T,Open Play,Right Foot,Normal
Reading WFC,Natasha Harding,44,Blocked,Open Play,Right Foot,Normal
Reading WFC,Sophie Howard,44,Off T,Open Play,Right Foot,Volley
Reading WFC,Fara Tanya Franki Williams Merrett,47,Saved,Open Play,Right Foot,Normal
Yeovil Town LFC,Olivia Fergusson,45,Blocked,Open Play,Left Foot,Normal
Reading WFC,Lauren Bruton,46,Off T,Open Play,Right Foot,Half Volley
Reading WFC,Brooke Chaplen,49,Blocked,Open Play,Left Foot,Normal
Reading WFC,Gemma Suzanne Davison,50,Off T,Open Play,Right Foot,Normal
Reading WFC,Brooke Chaplen,56,Off T,Open Play,Right Foot,Normal
Reading WFC,Lauren Bruton,58,Goal,Penalty,Right Foot,Normal
Reading WFC,Remi Allen,60,Goal,Open Play,Head,Normal
Reading WFC,Lauren Bruton,65,Off T,Open Play,Right Foot,Normal
Reading WFC,Rachel Furness,68,Blocked,Open Play,Left Foot,Normal
Reading WFC,Gemma Suzanne Davison,70,Off T,Open Play,Right Foot,Normal
Reading WFC,Natasha Harding,72,Blocked,Open Play,Left Foot,Normal
Reading WFC,Rachel Furness,73,Off T,Open Play,Head,Normal
Reading WFC,Brooke Chaplen,76,Saved,Open Play,Left Foot,Normal
Reading WFC,Gemma Suzanne Davison,79,Post,Open Play,Right Foot,Normal
Reading WFC,Brooke Chaplen,80,Off T,Open Play,Left Foot,Normal
Reading WFC,Charlotte Estcourt,82,Off T,Open Play,Left Foot,Normal
Reading WFC,Gemma Suzanne Davison,85,Off T,Open Play,Right Foot,Normal
Reading WFC,Brooke Chaplen,87,Off T,Open Play,Right Foot,Normal
Yeovil Town LFC,Emily Syme,90,Saved,Open Play,Right Foot,Normal
Yeovil Town LFC,Olivia Fergusson,90,Off T,Open Play,Right Foot,Normal
Reading WFC,Brooke Chaplen,91,Saved,Open Play,Head,Normal
Arsenal WFC,Vivianne Miedema,5,Blocked,Open Play,Right Foot,Normal
Arsenal WFC,Vivianne Miedema,5,Goal,Open Play,Right Foot,Normal
Arsenal WFC,Lisa Evans,13,Goal,Open Play,Right Foot,Normal
Arsenal WFC,Danielle Van de Donk,19,Blocked,Open Play,Left Foot,Normal
Liverpool WFC,Laura Coombs,20,Blocked,Open Play,Left Foot,Volley
Liverpool WFC,Christie Murray,20,Blocked,Open Play,Right Foot,Normal
Arsenal WFC,Vivianne Miedema,23,Saved,Open Play,Right Foot,Normal
Arsenal WFC,Katie McCabe,24,Blocked,Open Play,Left Foot,Normal
Arsenal WFC,Louise Quinn,25,Wayward,Open Play,Head,Normal
Arsenal WFC,Louise Quinn,25,Off T,Open Play,Head,Normal
Liverpool WFC,Christie Murray,28,Saved,Open Play,Left Foot,Normal
Arsenal WFC,Kim Little,34,Goal,Open Play,Left Foot,Normal
Arsenal WFC,Vivianne Miedema,35,Blocked,Open Play,Left Foot,Normal
Arsenal WFC,Vivianne Miedema,38,Blocked,Open Play,Right Foot,Normal
Arsenal WFC,Bethany Mead,45,Post,Open Play,Right Foot,Normal
Liverpool WFC,Rinsola Babajide,48,Off T,Open Play,Left Foot,Normal
Liverpool WFC,Rinsola Babajide,54,Blocked,Open Play,Left Foot,Normal
Liverpool WFC,Christie Murray,54,Off T,Open Play,Right Foot,Normal
Arsenal WFC,Jordan Nobbs,59,Saved,Open Play,Right Foot,Normal
Arsenal WFC,Vivianne Miedema,61,Blocked,Open Play,Left Foot,Normal
Arsenal WFC,Vivianne Miedema,65,Blocked,Open Play,Left Foot,Normal
Arsenal WFC,Jordan Nobbs,70,Saved,Open Play,Right Foot,Normal
Arsenal WFC,Lia Joelle Wälti,76,Blocked,Open Play,Left Foot,Normal
Liverpool WFC,Niamh Charles,77,Saved,Open Play,Left Foot,Normal
Liverpool WFC,Sophie Elizabeth Bradley-Auckland,78,Saved,Open Play,Head,Normal
Arsenal WFC,Katie McCabe,80,Saved,Open Play,Left Foot,Normal
Arsenal WFC,Vivianne Miedema,81,Off T,Open Play,Left Foot,Normal
Arsenal WFC,Jordan Nobbs,84,Off T,Open Play,Right Foot,Normal
Arsenal WFC,Vivianne Miedema,89,Goal,Open Play,Right Foot,Normal
Liverpool WFC,Courtney Sweetman-Kirk,91,Off T,Open Play,Right Foot,Normal
Birmingham City WFC,Charlie Wellings,0,Goal,Open Play,Right Foot,Normal
Birmingham City WFC,Hayley Ladd,42,Off T,Open Play,Right Foot,Volley
Birmingham City WFC,Ellen White,44,Off T,Open Play,Head,Normal
Birmingham City WFC,Ellen White,47,Blocked,Open Play,Right Foot,Normal
Birmingham City WFC,Charlie Wellings,47,Saved,Open Play,Left Foot,Normal
Birmingham City WFC,Lucy Quinn,48,Blocked,Open Play,Right Foot,Normal
Birmingham City WFC,Kerys Harrop,49,Wayward,Open Play,Other,Normal
Birmingham City WFC,Ellen White,51,Blocked,Open Play,Right Foot,Normal
Birmingham City WFC,Kerys Harrop,52,Wayward,Open Play,Other,Normal
Birmingham City WFC,Lucy Quinn,52,Saved,Open Play,Right Foot,Volley
Everton LFC,Claudia Walker,52,Blocked,Open Play,Right Foot,Normal
Birmingham City WFC,Ellen White,56,Off T,Open Play,Right Foot,Volley
Birmingham City WFC,Paige Williams,65,Post,Open Play,Left Foot,Normal
Birmingham City WFC,Charlie Wellings,66,Off T,Open Play,Left Foot,Volley
Birmingham City WFC,Hayley Ladd,69,Wayward,Open Play,Right Foot,Volley
Birmingham City WFC,Lucy Staniforth,73,Saved,Free Kick,Right Foot,Normal
Birmingham City WFC,Ellen White,74,Off T,Open Play,Right Foot,Volley
Everton LFC,Claudia Walker,80,Saved,Open Play,Right Foot,Normal
Birmingham City WFC,Kerys Harrop,85,Wayward,Open Play,Head,Normal
Everton LFC,Chloe Kelly,86,Off T,Open Play,Right Foot,Normal
Everton LFC,Georgia Brougham,89,Off T,Open Play,Right Foot,Normal
Birmingham City WFC,Charlie Wellings,91,Off T,Open Play,Right Foot,Normal
Everton LFC,Siri Worm,93,Wayward,Open Play,Head,Normal
Everton LFC,Dominique Bruinenberg,93,Off T,Open Play,Left Foot,Normal
Reading WFC,Fara Tanya Franki Williams Merrett,4,Saved,Open Play,Left Foot,Normal
West Ham United LFC,Alisha Lehmann,10,Post,Open Play,Right Foot,Normal
Reading WFC,Gemma Suzanne Davison,12,Blocked,Open Play,Left Foot,Normal
West Ham United LFC,Brianna Visalli,12,Off T,Open Play,Right Foot,Normal
West Ham United LFC,Brianna Visalli,15,Blocked,Open Play,Right Foot,Normal
West Ham United LFC,Brianna Visalli,16,Off T,Open Play,Right Foot,Normal
Reading WFC,Brooke Chaplen,22,Saved,Open Play,Left Foot,Normal
Reading WFC,Fara Tanya Franki Williams Merrett,22,Blocked,Open Play,Right Foot,Normal
Reading WFC,Brooke Chaplen,30,Saved,Open Play,Right Foot,Normal
Reading WFC,Josanne Potter,31,Blocked,Open Play,Left Foot,Normal
West Ham United LFC,Jane Ross,37,Off T,Open Play,Left Foot,Normal
West Ham United LFC,Brooke Hendrix,39,Off T,Open Play,Head,Normal
Reading WFC,Remi Allen,45,Saved,Open Play,Right Foot,Normal
West Ham United LFC,Julia Simic,46,Saved,Open Play,Left Foot,Normal
Reading WFC,Remi Allen,51,Blocked,Open Play,Right Foot,Normal
Reading WFC,Sophie Howard,51,Off T,Open Play,Right Foot,Normal
Reading WFC,Josanne Potter,59,Saved,Free Kick,Right Foot,Normal
Reading WFC,Remi Allen,59,Saved,Open Play,Right Foot,Normal
Reading WFC,Gemma Suzanne Davison,67,Off T,Open Play,Right Foot,Normal
West Ham United LFC,Leanne Kiernan,71,Off T,Open Play,Right Foot,Normal
West Ham United LFC,Brooke Hendrix,79,Saved,Open Play,Head,Normal
Reading WFC,Rebecca Jane,88,Post,Open Play,Head,Normal
Chelsea LFC,Francesca Kirby,3,Off T,Open Play,Left Foot,Normal
Bristol City WFC,Lucy Graham,9,Wayward,Open Play,Right Foot,Normal
Chelsea LFC,Millie Bright,11,Wayward,Open Play,Head,Normal
Chelsea LFC,Ramona Bachmann,13,Off T,Open Play,Left Foot,Normal
Chelsea LFC,Ramona Bachmann,14,Saved,Open Play,Right Foot,Normal
Chelsea LFC,Ramona Bachmann,20,Post,Open Play,Right Foot,Normal
Chelsea LFC,Karen Julia Carney,20,Off T,Open Play,Right Foot,Normal
Chelsea LFC,Karen Julia Carney,34,Blocked,Open Play,Right Foot,Normal
Chelsea LFC,Karen Julia Carney,34,Off T,Open Play,Right Foot,Normal
Chelsea LFC,Erin Cuthbert,39,Off T,Open Play,Right Foot,Normal
Bristol City WFC,Lucy Graham,41,Saved,Open Play,Right Foot,Normal
Chelsea LFC,Ramona Bachmann,43,Saved,Open Play,Right Foot,Normal
Chelsea LFC,Maren Nævdal Mjelde,44,Blocked,Open Play,Right Foot,Normal
Chelsea LFC,Hannah Jayne Blundell,44,Saved,Open Play,Right Foot,Normal
Chelsea LFC,So-yun Ji,49,Saved,Open Play,Left Foot,Normal
Chelsea LFC,Francesca Kirby,54,Saved,Open Play,Head,Normal
Chelsea LFC,Ramona Bachmann,56,Saved,Open Play,Right Foot,Normal
Chelsea LFC,Millie Bright,59,Blocked,Open Play,Left Foot,Half Volley
Chelsea LFC,Magdalena Ericsson,69,Off T,Open Play,Head,Normal
Chelsea LFC,Ramona Bachmann,75,Wayward,Open Play,Head,Normal
Chelsea LFC,Bethany England,75,Wayward,Open Play,Head,Normal
Chelsea LFC,Bethany England,77,Off T,Open Play,Right Foot,Normal
Chelsea LFC,Francesca Kirby,79,Off T,Open Play,Head,Normal
Chelsea LFC,Bethany England,92,Off T,Open Play,Head,Normal
Chelsea LFC,Francesca Kirby,92,Saved,Open Play,Right Foot,Normal
Chelsea LFC,Francesca Kirby,93,Wayward,Open Play,Left Foot,Half Volley
Chelsea LFC,Jonna Andersson,94,Blocked,Open Play,Right Foot,Normal
Arsenal WFC,Jordan Nobbs,4,Blocked,Open Play,Right Foot,Normal
Arsenal WFC,Lia Joelle Wälti,5,Blocked,Open Play,Right Foot,Normal
Yeovil Town LFC,Olivia Fergusson,10,Blocked,Open Play,Right Foot,Normal
Yeovil Town LFC,Anne-Marie Heatherson,10,Wayward,Open Play,Left Foot,Normal
Arsenal WFC,Bethany Mead,13,Off T,Open Play,Right Foot,Normal
Arsenal WFC,Jordan Nobbs,14,Off T,Open Play,Right Foot,Normal
Yeovil Town LFC,Olivia Fergusson,15,Saved,Open Play,Right Foot,Normal
Arsenal WFC,Bethany Mead,19,Goal,Open Play,Right Foot,Half Volley
Arsenal WFC,Dominique Johanna Anna Petronella Janssen,27,Off T,Free Kick,Right Foot,Normal
Arsenal WFC,Kim Little,39,Saved,Open Play,Right Foot,Normal
Arsenal WFC,Emma Mitchell,41,Blocked,Open Play,Right Foot,Normal
Arsenal WFC,Emma Mitchell,46,Off T,Free Kick,Left Foot,Normal
Arsenal WFC,Vivianne Miedema,49,Blocked,Open Play,Right Foot,Half Volley
Arsenal WFC,Katie McCabe,51,Goal,Open Play,Left Foot,Normal
Arsenal WFC,Vivianne Miedema,53,Goal,Open Play,Right Foot,Normal
Arsenal WFC,Vivianne Miedema,55,Saved,Open Play,Right Foot,Normal
Arsenal WFC,Louise Quinn,56,Saved,Open Play,Head,Normal
Arsenal WFC,Kim Little,57,Off T,Free Kick,Right Foot,Normal
Arsenal WFC,Bethany Mead,58,Blocked,Open Play,Left Foot,Normal
Arsenal WFC,Lia Joelle Wälti,58,Off T,Open Play,Right Foot,Normal
Arsenal WFC,Jordan Nobbs,63,Saved,Open Play,Right Foot,Normal
Arsenal WFC,Katie McCabe,67,Off T,Open Play,Left Foot,Normal
Arsenal WFC,Jordan Nobbs,75,Goal,Open Play,Right Foot,Normal
Arsenal WFC,Dominique Johanna Anna Petronella Janssen,79,Goal,Open Play,Right Foot,Normal
Yeovil Town LFC,Olivia Fergusson,82,Off T,Open Play,Left Foot,Volley
Yeovil Town LFC,Shannon Albuery,83,Saved,Open Play,Right Foot,Half Volley
Arsenal WFC,Katie McCabe,85,Saved,Open Play,Left Foot,Normal
Arsenal WFC,Kim Little,88,Goal,Open Play,Right Foot,Volley
Arsenal WFC,Dominique Johanna Anna Petronella Janssen,92,Off T,Open Play,Right Foot,Normal
Everton LFC,Claudia Walker,3,Blocked,Open Play,Left Foot,Normal
Everton LFC,Claudia Walker,9,Blocked,Open Play,Right Foot,Normal
Everton LFC,Inessa Kaagman,9,Off T,Open Play,Left Foot,Normal
Manchester City WFC,Georgia Stanway,13,Goal,Open Play,Right Foot,Normal
Everton LFC,Chloe Kelly,14,Wayward,Open Play,Right Foot,Normal
Manchester City WFC,Georgia Stanway,16,Blocked,Open Play,Right Foot,Normal
Everton LFC,Chloe Kelly,19,Off T,Open Play,Right Foot,Normal
Manchester City WFC,Nikita Parris,20,Blocked,Open Play,Right Foot,Normal
Manchester City WFC,Stephanie Houghton,21,Off T,Free Kick,Right Foot,Normal
Manchester City WFC,Caroline Weir,22,Off T,Open Play,Left Foot,Normal
Everton LFC,Claudia Walker,22,Saved,Open Play,Right Foot,Normal
Everton LFC,Claudia Walker,25,Saved,Open Play,Right Foot,Normal
Manchester City WFC,Jennifer Beattie,29,Blocked,Open Play,Head,Normal
Manchester City WFC,Nadia Nadim,29,Off T,Open Play,Right Foot,Normal
Manchester City WFC,Georgia Stanway,34,Blocked,Open Play,Right Foot,Normal
Manchester City WFC,Melissa Lawley,36,Blocked,Open Play,Right Foot,Normal
Everton LFC,Georgia Brougham,39,Off T,Open Play,Head,Normal
Manchester City WFC,Nikita Parris,41,Off T,Open Play,Head,Normal
Manchester City WFC,Georgia Stanway,46,Off T,Open Play,Right Foot,Normal
Manchester City WFC,Jill Louise Scott,48,Saved,Open Play,Head,Normal
Manchester City WFC,Stephanie Houghton,48,Saved,Open Play,Right Foot,Normal
Manchester City WFC,Nikita Parris,59,Saved,Open Play,Right Foot,Normal
Everton LFC,Claudia Walker,61,Post,Open Play,Head,Normal
Manchester City WFC,Nikita Parris,63,Goal,Open Play,Right Foot,Normal
Manchester City WFC,Georgia Stanway,65,Wayward,Open Play,Right Foot,Volley
Manchester City WFC,Nikita Parris,67,Goal,Open Play,Right Foot,Normal
Manchester City WFC,Tessa Wullaert,68,Wayward,Open Play,Right Foot,Normal
Manchester City WFC,Lauren Hemp,71,Blocked,Open Play,Right Foot,Normal
Everton LFC,Gabrielle George,75,Off T,Open Play,Right Foot,Normal
Manchester City WFC,Georgia Stanway,77,Blocked,Open Play,Right Foot,Normal
Manchester City WFC,Gemma Bonner,77,Wayward,Open Play,Right Foot,Normal
Manchester City WFC,Nikita Parris,78,Blocked,Open Play,Right Foot,Backheel
Everton LFC,Hannah Cain,78,Saved,Open Play,Right Foot,Normal
Everton LFC,Chloe Kelly,80,Wayward,Open Play,Left Foot,Normal
Manchester City WFC,Tessa Wullaert,82,Off T,Open Play,Right Foot,Normal
Manchester City WFC,Nikita Parris,88,Off T,Open Play,Head,Normal
Manchester City WFC,Tessa Wullaert,88,Saved,Open Play,Left Foot,Normal
Manchester City WFC,Lauren Hemp,89,Wayward,Open Play,Head,Normal
Manchester City WFC,Claire Emslie,91,Goal,Open Play,Right Foot,Normal
Arsenal WFC,Vivianne Miedema,0,Off T,Open Play,Head,Normal
West Ham United LFC,Jane Ross,1,Blocked,Open Play,Head,Normal
Arsenal WFC,Vivianne Miedema,5,Saved,Open Play,Right Foot,Normal
West Ham United LFC,Kate Longhurst,8,Goal,Open Play,Head,Normal
Arsenal WFC,Vivianne Miedema,10,Saved,Open Play,Right Foot,Normal
Arsenal WFC,Dominique Johanna Anna Petronella Janssen,11,Blocked,Open Play,Head,Normal
Arsenal WFC,Danielle Van de Donk,11,Goal,Open Play,Right Foot,Normal
West Ham United LFC,Leanne Kiernan,16,Saved,Open Play,Right Foot,Normal
West Ham United LFC,Kate Longhurst,16,Goal,Open Play,Right Foot,Normal
Arsenal WFC,Jordan Nobbs,33,Saved,Open Play,Right Foot,Normal
Arsenal WFC,Vivianne Miedema,33,Blocked,Open Play,Right Foot,Normal
Arsenal WFC,Dominique Johanna Anna Petronella Janssen,37,Off T,Open Play,Right Foot,Normal
Arsenal WFC,Louise Quinn,40,Blocked,Open Play,Left Foot,Normal
Arsenal WFC,Danielle Van de Donk,40,Goal,Open Play,Left Foot,Normal
Arsenal WFC,Dominique Johanna Anna Petronella Janssen,42,Saved,Free Kick,Right Foot,Normal
Arsenal WFC,Vivianne Miedema,44,Wayward,Open Play,Left Foot,Normal
Arsenal WFC,Kim Little,46,Off T,Open Play,Right Foot,Normal
West Ham United LFC,Jane Ross,51,Wayward,Open Play,Right Foot,Volley
Arsenal WFC,Vivianne Miedema,59,Blocked,Open Play,Right Foot,Normal
Arsenal WFC,Vivianne Miedema,61,Wayward,Open Play,Head,Normal
Arsenal WFC,Danielle Van de Donk,61,Blocked,Open Play,Right Foot,Normal
Arsenal WFC,Danielle Van de Donk,61,Goal,Open Play,Right Foot,Normal
West Ham United LFC,Alisha Lehmann,63,Wayward,Open Play,Left Foot,Normal
Arsenal WFC,Kim Little,72,Goal,Open Play,Right Foot,Normal
Arsenal WFC,Lia Joelle Wälti,74,Off T,Open Play,Right Foot,Normal
Arsenal WFC,Vivianne Miedema,76,Saved,Open Play,Right Foot,Normal
Arsenal WFC,Vivianne Miedema,77,Wayward,Open Play,Head,Normal
Arsenal WFC,Danielle Van de Donk,79,Saved,Open Play,Right Foot,Normal
West Ham United LFC,Claire Lauren Rafferty,84,Goal,Free Kick,Left Foot,Normal
Arsenal WFC,Jordan Nobbs,87,Post,Open Play,Right Foot,Normal
Arsenal WFC,Kim Little,88,Blocked,Open Play,Right Foot,Normal
Arsenal WFC,Bethany Mead,89,Saved,Open Play,Right Foot,Normal
West Ham United LFC,Brianna Visalli,90,Off T,Open Play,Right Foot,Normal
Liverpool WFC,Jessica Anne Clarke,3,Off T,Open Play,Left Foot,Normal
Liverpool WFC,Niamh Charles,14,Off T,Open Play,Right Foot,Normal
Brighton & Hove Albion WFC,Kayleigh Green,16,Off T,Open Play,Head,Normal
Liverpool WFC,Jessica Anne Clarke,23,Saved,Open Play,Right Foot,Normal
Brighton & Hove Albion WFC,Danielle Josephine Buet,27,Off T,Open Play,Right Foot,Normal
Liverpool WFC,Christie Murray,35,Off T,Open Play,Right Foot,Normal
Liverpool WFC,Niamh Charles,52,Off T,Open Play,Right Foot,Normal
Brighton & Hove Albion WFC,Kirsty Barton,54,Saved,Open Play,Right Foot,Normal
Liverpool WFC,Christie Murray,55,Off T,Open Play,Right Foot,Normal
Brighton & Hove Albion WFC,Kayleigh Green,57,Saved,Open Play,Left Foot,Normal
Brighton & Hove Albion WFC,Jodie Brett,61,Saved,Open Play,Right Foot,Normal
Brighton & Hove Albion WFC,Aileen Whelan,66,Off T,Open Play,Left Foot,Normal
Liverpool WFC,Courtney Sweetman-Kirk,84,Blocked,Open Play,Right Foot,Normal
Liverpool WFC,Rinsola Babajide,84,Goal,Open Play,Right Foot,Normal
Brighton & Hove Albion WFC,Kayleigh Green,86,Off T,Open Play,Head,Normal
Brighton & Hove Albion WFC,Danielle Josephine Buet,93,Wayward,Open Play,Left Foot,Normal
Chelsea LFC,Millie Bright,2,Blocked,Open Play,Right Foot,Normal
Chelsea LFC,Sophie Ingle,13,Blocked,Open Play,Right Foot,Normal
Chelsea LFC,Sophie Ingle,15,Off T,Open Play,Left Foot,Normal
Chelsea LFC,Jonna Andersson,24,Saved,Free Kick,Left Foot,Normal
Everton LFC,Gabrielle George,28,Off T,Open Play,Right Foot,Normal
Chelsea LFC,Drew Spence,36,Saved,Open Play,Head,Normal
Chelsea LFC,Jonna Andersson,44,Off T,Open Play,Left Foot,Normal
Chelsea LFC,Magdalena Ericsson,46,Saved,Open Play,Head,Normal
Chelsea LFC,Ramona Bachmann,46,Saved,Open Play,Left Foot,Normal
Chelsea LFC,Drew Spence,50,Off T,Open Play,Right Foot,Normal
Everton LFC,Inessa Kaagman,53,Saved,Open Play,Left Foot,Normal
Everton LFC,Angharad James,56,Off T,Open Play,Left Foot,Normal
Everton LFC,Simone Magill,59,Saved,Open Play,Right Foot,Normal
Chelsea LFC,Jonna Andersson,72,Saved,Open Play,Right Foot,Normal
Everton LFC,Inessa Kaagman,74,Saved,Free Kick,Left Foot,Normal
Everton LFC,Taylor Hinds,74,Off T,Open Play,Left Foot,Normal
Chelsea LFC,Adelina Engman,75,Off T,Open Play,Right Foot,Normal
Everton LFC,Simone Magill,77,Blocked,Open Play,Left Foot,Normal
Everton LFC,Taylor Hinds,77,Wayward,Open Play,Left Foot,Normal
Chelsea LFC,Jonna Andersson,78,Blocked,Open Play,Right Foot,Half Volley
Chelsea LFC,Drew Spence,78,Post,Open Play,Head,Normal
Chelsea LFC,Francesca Kirby,83,Saved,Open Play,Right Foot,Half Volley
Chelsea LFC,Millie Bright,84,Off T,Open Play,Head,Normal
Chelsea LFC,Francesca Kirby,88,Off T,Open Play,Right Foot,Normal
Chelsea LFC,Millie Bright,91,Blocked,Open Play,Right Foot,Normal
Chelsea LFC,Millie Bright,95,Off T,Open Play,Head,Normal
Chelsea LFC,Millie Bright,96,Blocked,Open Play,Head,Normal
Chelsea LFC,Francesca Kirby,96,Off T,Open Play,Left Foot,Volley
Birmingham City WFC,Lucy Staniforth,1,Saved,Open Play,Right Foot,Normal
Birmingham City WFC,Meaghan Sargeant,6,Goal,Open Play,Right Foot,Normal
Birmingham City WFC,Hayley Ladd,9,Off T,Open Play,Head,Normal
Reading WFC,Rachel Furness,18,Wayward,Open Play,Head,Normal
Birmingham City WFC,Charlie Wellings,19,Saved,Open Play,Right Foot,Normal
Birmingham City WFC,Emma Follis,21,Saved,Open Play,Right Foot,Normal
Reading WFC,Natasha Harding,22,Off T,Open Play,Right Foot,Normal
Birmingham City WFC,Kerys Harrop,24,Off T,Open Play,Left Foot,Volley
Birmingham City WFC,Lucy Staniforth,36,Saved,Open Play,Right Foot,Normal
Birmingham City WFC,Marisa Ewers,37,Off T,Open Play,Right Foot,Volley
Reading WFC,Fara Tanya Franki Williams Merrett,43,Blocked,Open Play,Right Foot,Normal
Birmingham City WFC,Charlie Wellings,46,Saved,Open Play,Right Foot,Half Volley
Reading WFC,Lauren Bruton,47,Blocked,Open Play,Right Foot,Normal
Birmingham City WFC,Charlie Wellings,48,Saved,Open Play,Left Foot,Normal
Birmingham City WFC,Emma Follis,53,Saved,Open Play,Right Foot,Normal
Birmingham City WFC,Chloe Arthur,54,Blocked,Open Play,Right Foot,Normal
Birmingham City WFC,Charlie Wellings,56,Wayward,Open Play,Head,Normal
Birmingham City WFC,Emma Follis,57,Wayward,Open Play,Right Foot,Volley
Reading WFC,Brooke Chaplen,58,Saved,Open Play,Right Foot,Normal
Reading WFC,Josanne Potter,59,Off T,Open Play,Left Foot,Normal
Birmingham City WFC,Lucy Staniforth,60,Wayward,Open Play,Right Foot,Normal
Reading WFC,Rachel Furness,61,Blocked,Open Play,Left Foot,Normal
Birmingham City WFC,Emma Follis,61,Saved,Open Play,Right Foot,Normal
Reading WFC,Lauren Bruton,65,Saved,Open Play,Right Foot,Normal
Reading WFC,Brooke Chaplen,65,Saved,Open Play,Right Foot,Half Volley
Reading WFC,Remi Allen,68,Wayward,Open Play,Head,Normal
Reading WFC,Remi Allen,71,Off T,Open Play,Head,Normal
Reading WFC,Brooke Chaplen,72,Off T,Open Play,Right Foot,Normal
Reading WFC,Fara Tanya Franki Williams Merrett,76,Off T,Open Play,Left Foot,Volley
Reading WFC,Gemma Suzanne Davison,77,Off T,Open Play,Right Foot,Normal
Reading WFC,Fara Tanya Franki Williams Merrett,79,Off T,Free Kick,Right Foot,Normal
Birmingham City WFC,Marisa Ewers,80,Off T,Open Play,Right Foot,Normal
Birmingham City WFC,Emma Follis,84,Post,Open Play,Left Foot,Half Volley
Reading WFC,Fara Tanya Franki Williams Merrett,96,Saved,Free Kick,Right Foot,Normal
Manchester City WFC,Jill Louise Scott,8,Off T,Open Play,Head,Normal
Bristol City WFC,Ella Rutherford,9,Saved,Open Play,Left Foot,Normal
Manchester City WFC,Tessa Wullaert,9,Off T,Open Play,Left Foot,Normal
Bristol City WFC,Ella Rutherford,10,Saved,Open Play,Left Foot,Normal
Bristol City WFC,Danique Kerkdijk,14,Goal,Open Play,Right Foot,Volley
Bristol City WFC,Juliette Kemppi,17,Off T,Open Play,Right Foot,Normal
Manchester City WFC,Nikita Parris,20,Saved,Open Play,Right Foot,Normal
Manchester City WFC,Nadia Nadim,22,Saved,Open Play,Head,Normal
Manchester City WFC,Nadia Nadim,23,Off T,Open Play,Head,Normal
Manchester City WFC,Jill Louise Scott,24,Saved,Open Play,Head,Normal
Manchester City WFC,Tessa Wullaert,25,Blocked,Open Play,Left Foot,Normal
Manchester City WFC,Claire Emslie,31,Off T,Open Play,Head,Normal
Manchester City WFC,Caroline Weir,32,Saved,Open Play,Left Foot,Normal
Manchester City WFC,Stephanie Houghton,33,Off T,Open Play,Head,Normal
Manchester City WFC,Caroline Weir,35,Saved,Open Play,Left Foot,Normal
Manchester City WFC,Nadia Nadim,35,Off T,Open Play,Right Foot,Half Volley
Manchester City WFC,Stephanie Houghton,38,Blocked,Free Kick,Right Foot,Normal
Manchester City WFC,Keira Walsh,39,Saved,Open Play,Right Foot,Normal
Manchester City WFC,Nadia Nadim,43,Saved,Open Play,Left Foot,Normal
Manchester City WFC,Tessa Wullaert,46,Saved,Open Play,Right Foot,Normal
Manchester City WFC,Jennifer Beattie,48,Blocked,Open Play,Head,Normal
Manchester City WFC,Jennifer Beattie,48,Wayward,Open Play,Head,Normal
Manchester City WFC,Nikita Parris,48,Wayward,Open Play,Left Foot,Normal
Manchester City WFC,Jill Louise Scott,45,Blocked,Open Play,Right Foot,Normal
Manchester City WFC,Gemma Bonner,48,Wayward,Open Play,Right Foot,Normal
Manchester City WFC,Stephanie Houghton,49,Wayward,Open Play,Head,Normal
Manchester City WFC,Claire Emslie,49,Blocked,Open Play,Right Foot,Normal
Bristol City WFC,Juliette Kemppi,49,Goal,Open Play,Right Foot,Normal
Manchester City WFC,Nikita Parris,51,Off T,Open Play,Left Foot,Normal
Manchester City WFC,Nadia Nadim,53,Blocked,Open Play,Right Foot,Normal
Manchester City WFC,Claire Emslie,60,Off T,Open Play,Right Foot,Normal
Manchester City WFC,Gemma Bonner,69,Blocked,Open Play,Head,Normal
Manchester City WFC,Tessa Wullaert,74,Blocked,Open Play,Right Foot,Normal
Bristol City WFC,Ali Johnson,77,Off T,Free Kick,Left Foot,Normal
Manchester City WFC,Caroline Weir,78,Blocked,Open Play,Left Foot,Normal
Manchester City WFC,Georgia Stanway,78,Off T,Open Play,Left Foot,Normal
Manchester City WFC,Nikita Parris,82,Goal,Penalty,Right Foot,Normal
Manchester City WFC,Georgia Stanway,86,Off T,Open Play,Right Foot,Half Volley
Manchester City WFC,Stephanie Houghton,90,Goal,Open Play,Right Foot,Normal
Manchester City WFC,Claire Emslie,91,Blocked,Open Play,Left Foot,Normal
Manchester City WFC,Jennifer Beattie,91,Off T,Open Play,Head,Normal
Manchester City WFC,Jessica Park,92,Saved,Open Play,Right Foot,Normal
Chelsea LFC,Francesca Kirby,5,Saved,Open Play,Left Foot,Normal
Chelsea LFC,Ramona Bachmann,11,Blocked,Open Play,Right Foot,Normal
Brighton & Hove Albion WFC,Aileen Whelan,14,Saved,Open Play,Right Foot,Normal
Chelsea LFC,Magdalena Ericsson,15,Off T,Open Play,Head,Normal
Chelsea LFC,Jonna Andersson,16,Blocked,Open Play,Left Foot,Normal
Chelsea LFC,Millie Bright,22,Off T,Open Play,Left Foot,Normal
Brighton & Hove Albion WFC,Iniabasi Anefiok Umotong,25,Off T,Open Play,Right Foot,Normal
Chelsea LFC,So-yun Ji,26,Saved,Open Play,Right Foot,Normal
Chelsea LFC,Erin Cuthbert,28,Saved,Open Play,Right Foot,Normal
Chelsea LFC,Maren Nævdal Mjelde,29,Off T,Open Play,Right Foot,Normal
Chelsea LFC,Erin Cuthbert,30,Saved,Open Play,Left Foot,Volley
Chelsea LFC,Francesca Kirby,31,Goal,Open Play,Right Foot,Volley
Chelsea LFC,Erin Cuthbert,35,Goal,Open Play,Left Foot,Half Volley
Brighton & Hove Albion WFC,Victoria Williams,48,Off T,Open Play,Right Foot,Normal
Brighton & Hove Albion WFC,Iniabasi Anefiok Umotong,49,Saved,Open Play,Right Foot,Normal
Brighton & Hove Albion WFC,Iniabasi Anefiok Umotong,50,Off T,Open Play,Head,Normal
Brighton & Hove Albion WFC,Iniabasi Anefiok Umotong,52,Off T,Open Play,Right Foot,Normal
Chelsea LFC,Francesca Kirby,55,Blocked,Open Play,Left Foot,Normal
Chelsea LFC,Francesca Kirby,55,Saved,Open Play,Right Foot,Normal
Chelsea LFC,Erin Cuthbert,55,Off T,Open Play,Right Foot,Volley
Chelsea LFC,Maren Nævdal Mjelde,56,Blocked,Open Play,Right Foot,Volley
Chelsea LFC,Millie Bright,56,Off T,Open Play,Right Foot,Normal
Brighton & Hove Albion WFC,Fern Whelan,60,Saved,Open Play,Head,Normal
Brighton & Hove Albion WFC,Victoria Williams,60,Saved,Open Play,Left Foot,Normal
Brighton & Hove Albion WFC,Fern Whelan,61,Blocked,Open Play,Head,Normal
Brighton & Hove Albion WFC,Aileen Whelan,62,Saved,Open Play,Right Foot,Normal
Chelsea LFC,Ramona Bachmann,63,Blocked,Open Play,Left Foot,Normal
Chelsea LFC,Millie Bright,68,Off T,Open Play,Right Foot,Normal
Brighton & Hove Albion WFC,Iniabasi Anefiok Umotong,71,Saved,Open Play,Right Foot,Normal
Chelsea LFC,Jonna Andersson,75,Off T,Open Play,Left Foot,Normal
Chelsea LFC,Ramona Bachmann,76,Blocked,Open Play,Left Foot,Normal
Chelsea LFC,Ramona Bachmann,77,Off T,Open Play,Right Foot,Normal
Brighton & Hove Albion WFC,Iniabasi Anefiok Umotong,80,Saved,Open Play,Right Foot,Normal
Brighton & Hove Albion WFC,Victoria Williams,81,Blocked,Open Play,Head,Normal
Brighton & Hove Albion WFC,Kayleigh Green,82,Off T,Open Play,Left Foot,Normal
Chelsea LFC,Bethany England,86,Off T,Open Play,Left Foot,Normal
Chelsea LFC,Francesca Kirby,91,Saved,Open Play,Right Foot,Normal
Chelsea LFC,Jonna Andersson,92,Saved,Open Play,Left Foot,Normal
West Ham United LFC,Kate Longhurst,4,Off T,Open Play,Head,Normal
West Ham United LFC,Kate Longhurst,8,Off T,Open Play,Head,Normal
Yeovil Town LFC,Shannon Albuery,8,Wayward,Open Play,Right Foot,Normal
West Ham United LFC,Kate Longhurst,19,Saved,Open Play,Head,Normal
West Ham United LFC,Alisha Lehmann,21,Off T,Open Play,Right Foot,Normal
West Ham United LFC,Kate Longhurst,24,Wayward,Open Play,Head,Normal
Yeovil Town LFC,Amy Goddard,26,Off T,Open Play,Head,Normal
Yeovil Town LFC,Ellie Mason,34,Saved,Open Play,Left Foot,Normal
West Ham United LFC,Gilly Louise Scarlett Flaherty,35,Saved,Open Play,Right Foot,Normal
West Ham United LFC,Gilly Louise Scarlett Flaherty,36,Wayward,Open Play,Head,Normal
Yeovil Town LFC,Ellie Mason,38,Off T,Open Play,Head,Normal
West Ham United LFC,Jane Ross,43,Saved,Open Play,Right Foot,Normal
West Ham United LFC,Julia Simic,44,Saved,Open Play,Right Foot,Normal
Yeovil Town LFC,Olivia Fergusson,52,Off T,Open Play,Right Foot,Normal
West Ham United LFC,Kate Longhurst,56,Saved,Open Play,Right Foot,Normal
West Ham United LFC,Brooke Hendrix,56,Blocked,Open Play,Right Foot,Volley
West Ham United LFC,Jane Ross,63,Blocked,Open Play,Head,Normal
Yeovil Town LFC,Ellie Mason,65,Wayward,Open Play,Left Foot,Normal
West Ham United LFC,Jane Ross,65,Blocked,Open Play,Right Foot,Normal
West Ham United LFC,Leanne Kiernan,66,Goal,Open Play,Right Foot,Half Volley
West Ham United LFC,Jane Ross,75,Blocked,Open Play,Head,Normal
West Ham United LFC,Julia Simic,76,Off T,Open Play,Right Foot,Volley
Yeovil Town LFC,Amy Goddard,77,Blocked,Open Play,Head,Normal
Yeovil Town LFC,Ellie Mason,77,Goal,Open Play,Right Foot,Normal
West Ham United LFC,Rosie Kmita,78,Goal,Open Play,Left Foot,Volley
Yeovil Town LFC,Amy Goddard,81,Off T,Open Play,Left Foot,Normal
West Ham United LFC,Rosie Kmita,85,Blocked,Open Play,Left Foot,Normal
West Ham United LFC,Kate Longhurst,93,Off T,Open Play,Right Foot,Normal
Yeovil Town LFC,Olivia Fergusson,94,Off T,Open Play,Right Foot,Normal
Reading WFC,Brooke Chaplen,0,Off T,Open Play,Right Foot,Normal
Liverpool WFC,Laura Coombs,13,Saved,Open Play,Right Foot,Normal
Reading WFC,Brooke Chaplen,15,Blocked,Open Play,Left Foot,Normal
Reading WFC,Fara Tanya Franki Williams Merrett,18,Saved,Free Kick,Right Foot,Normal
Liverpool WFC,Laura Coombs,21,Saved,Free Kick,Right Foot,Normal
Reading WFC,Brooke Chaplen,32,Saved,Open Play,Right Foot,Normal
Reading WFC,Fara Tanya Franki Williams Merrett,32,Off T,Open Play,Left Foot,Normal
Reading WFC,Brooke Chaplen,35,Goal,Open Play,Right Foot,Normal
Reading WFC,Brooke Chaplen,44,Saved,Open Play,Right Foot,Normal
Reading WFC,Fara Tanya Franki Williams Merrett,46,Blocked,Open Play,Left Foot,Normal
Reading WFC,Rachel Rowe,53,Off T,Open Play,Right Foot,Normal
Reading WFC,Josanne Potter,56,Off T,Free Kick,Left Foot,Normal
Reading WFC,Rachel Furness,62,Off T,Open Play,Head,Normal
Reading WFC,Lauren Bruton,71,Off T,Open Play,Right Foot,Normal
Reading WFC,Brooke Chaplen,72,Off T,Open Play,Right Foot,Normal
Reading WFC,Rachel Furness,74,Off T,Open Play,Left Foot,Normal
Reading WFC,Lauren Bruton,80,Blocked,Open Play,Right Foot,Normal
Reading WFC,Fara Tanya Franki Williams Merrett,81,Off T,Open Play,Head,Normal
Liverpool WFC,Kirsty Linnett,88,Blocked,Open Play,Right Foot,Normal
Liverpool WFC,Rinsola Babajide,91,Off T,Open Play,Left Foot,Normal
Reading WFC,Gemma Suzanne Davison,93,Saved,Open Play,Right Foot,Normal
Birmingham City WFC,Emma Follis,4,Saved,Open Play,Right Foot,Normal
Manchester City WFC,Stephanie Houghton,13,Blocked,Open Play,Head,Normal
Manchester City WFC,Georgia Stanway,13,Wayward,Open Play,Right Foot,Normal
Birmingham City WFC,Chloe Arthur,17,Off T,Open Play,Left Foot,Normal
Birmingham City WFC,Lucy Staniforth,18,Wayward,Open Play,Right Foot,Normal
Birmingham City WFC,Hayley Ladd,23,Off T,Open Play,Right Foot,Half Volley
Manchester City WFC,Georgia Stanway,27,Off T,Open Play,Right Foot,Normal
Manchester City WFC,Caroline Weir,30,Off T,Open Play,Right Foot,Normal
Birmingham City WFC,Emma Follis,33,Saved,Open Play,Right Foot,Normal
Manchester City WFC,Jennifer Beattie,40,Blocked,Open Play,Head,Normal
Manchester City WFC,Tessa Wullaert,41,Off T,Open Play,Left Foot,Normal
Manchester City WFC,Nikita Parris,48,Saved,Open Play,Right Foot,Normal
Birmingham City WFC,Meaghan Sargeant,48,Goal,Open Play,Head,Normal
Manchester City WFC,Caroline Weir,53,Goal,Open Play,Left Foot,Normal
Birmingham City WFC,Lucy Staniforth,58,Saved,Open Play,Right Foot,Lob
Manchester City WFC,Nikita Parris,59,Blocked,Open Play,Right Foot,Normal
Manchester City WFC,Tessa Wullaert,62,Saved,Open Play,Right Foot,Normal
Manchester City WFC,Nikita Parris,64,Goal,Open Play,Right Foot,Normal
Manchester City WFC,Keira Walsh,70,Blocked,Open Play,Right Foot,Normal
Manchester City WFC,Tessa Wullaert,72,Goal,Open Play,Right Foot,Normal
Birmingham City WFC,Hayley Ladd,73,Saved,Open Play,Right Foot,Normal
Manchester City WFC,Georgia Stanway,74,Saved,Open Play,Right Foot,Normal
Manchester City WFC,Caroline Weir,76,Post,Free Kick,Left Foot,Normal
Manchester City WFC,Georgia Stanway,79,Wayward,Open Play,Left Foot,Normal
Manchester City WFC,Caroline Weir,84,Saved,Open Play,Left Foot,Normal
Birmingham City WFC,Lucy Staniforth,87,Saved,Open Play,Right Foot,Normal
Brighton & Hove Albion WFC,Jodie Brett,0,Saved,Open Play,Right Foot,Volley
Brighton & Hove Albion WFC,Danielle Josephine Buet,2,Goal,Open Play,Right Foot,Normal
Everton LFC,Gabrielle George,13,Saved,Open Play,Left Foot,Normal
Brighton & Hove Albion WFC,Jodie Brett,18,Blocked,Open Play,Right Foot,Normal
Everton LFC,Inessa Kaagman,26,Goal,Open Play,Right Foot,Normal
Everton LFC,Simone Magill,30,Wayward,Open Play,Right Foot,Volley
Brighton & Hove Albion WFC,Danielle Josephine Buet,32,Saved,Open Play,Right Foot,Normal
Brighton & Hove Albion WFC,Danielle Josephine Buet,34,Blocked,Open Play,Right Foot,Normal
Everton LFC,Gabrielle George,40,Saved,Open Play,Right Foot,Normal
Everton LFC,Gabrielle George,45,Goal,Open Play,Head,Normal
Brighton & Hove Albion WFC,Aileen Whelan,48,Blocked,Open Play,Right Foot,Normal
Everton LFC,Dominique Bruinenberg,51,Blocked,Open Play,Left Foot,Normal
Everton LFC,Chloe Kelly,63,Off T,Open Play,Left Foot,Normal
Brighton & Hove Albion WFC,Aileen Whelan,66,Saved,Open Play,Left Foot,Normal
Everton LFC,Chloe Kelly,69,Goal,Open Play,Right Foot,Normal
Everton LFC,Inessa Kaagman,72,Blocked,Open Play,Right Foot,Normal
Brighton & Hove Albion WFC,Ellie Brazil,74,Goal,Open Play,Head,Normal
Brighton & Hove Albion WFC,Ellie Brazil,77,Goal,Open Play,Head,Normal
Brighton & Hove Albion WFC,Ellie Brazil,80,Saved,Open Play,Right Foot,Normal
Everton LFC,Georgia Brougham,81,Off T,Open Play,Left Foot,Normal
Brighton & Hove Albion WFC,Ellie Brazil,87,Saved,Open Play,Right Foot,Normal
Everton LFC,Gabrielle George,92,Blocked,Open Play,Left Foot,Normal
Everton LFC,Gabrielle George,92,Off T,Open Play,Left Foot,Normal
Manchester City WFC,Caroline Weir,1,Goal,Open Play,Left Foot,Volley
Manchester City WFC,Nikita Parris,6,Goal,Open Play,Head,Normal
Manchester City WFC,Nikita Parris,16,Goal,Open Play,Right Foot,Normal
West Ham United LFC,Gilly Louise Scarlett Flaherty,19,Wayward,Open Play,Head,Normal
West Ham United LFC,Brianna Visalli,19,Off T,Open Play,Left Foot,Half Volley
Manchester City WFC,Jill Louise Scott,21,Off T,Open Play,Head,Normal
Manchester City WFC,Claire Emslie,22,Off T,Open Play,Left Foot,Normal
West Ham United LFC,Brianna Visalli,29,Blocked,Open Play,Right Foot,Normal
West Ham United LFC,Julia Simic,34,Off T,Open Play,Left Foot,Volley
West Ham United LFC,Alisha Lehmann,36,Off T,Open Play,Right Foot,Normal
Manchester City WFC,Caroline Weir,39,Blocked,Open Play,Left Foot,Normal
Manchester City WFC,Esme Beth Morgan,41,Saved,Open Play,Right Foot,Normal
Chelsea LFC,Francesca Kirby,7,Saved,Open Play,Right Foot,Normal
Arsenal WFC,Vivianne Miedema,12,Blocked,Open Play,Right Foot,Normal
Chelsea LFC,So-yun Ji,15,Blocked,Open Play,Left Foot,Normal
Chelsea LFC,Adelina Engman,15,Blocked,Open Play,Left Foot,Normal
Chelsea LFC,Drew Spence,15,Off T,Open Play,Head,Normal
Arsenal WFC,Kim Little,20,Goal,Penalty,Right Foot,Normal
Chelsea LFC,Magdalena Ericsson,21,Off T,Open Play,Head,Normal
Arsenal WFC,Kim Little,26,Off T,Open Play,Left Foot,Half Volley
Arsenal WFC,Vivianne Miedema,28,Blocked,Open Play,Left Foot,Normal
Chelsea LFC,So-yun Ji,34,Saved,Free Kick,Right Foot,Normal
Arsenal WFC,Vivianne Miedema,37,Goal,Open Play,Left Foot,Normal
Arsenal WFC,Jordan Nobbs,39,Blocked,Open Play,Right Foot,Normal
Arsenal WFC,Bethany Mead,42,Saved,Open Play,Right Foot,Normal
Chelsea LFC,Ramona Bachmann,44,Saved,Open Play,Right Foot,Normal
Chelsea LFC,Ramona Bachmann,46,Saved,Open Play,Right Foot,Normal
Chelsea LFC,Jonna Andersson,50,Off T,Open Play,Left Foot,Normal
Arsenal WFC,Jordan Nobbs,51,Goal,Open Play,Right Foot,Normal
Arsenal WFC,Leah Williamson,55,Saved,Open Play,Right Foot,Normal
Arsenal WFC,Bethany Mead,56,Saved,Open Play,Left Foot,Normal
Arsenal WFC,Vivianne Miedema,56,Goal,Open Play,Right Foot,Normal
Chelsea LFC,Erin Cuthbert,65,Off T,Open Play,Right Foot,Normal
Arsenal WFC,Jordan Nobbs,66,Goal,Open Play,Right Foot,Normal
Chelsea LFC,Erin Cuthbert,79,Saved,Open Play,Right Foot,Normal
Chelsea LFC,Magdalena Ericsson,84,Off T,Open Play,Head,Normal
Chelsea LFC,Ramona Bachmann,87,Off T,Open Play,Right Foot,Normal
Birmingham City WFC,Charlie Wellings,8,Blocked,Open Play,Right Foot,Normal
Birmingham City WFC,Meaghan Sargeant,12,Off T,Open Play,Left Foot,Volley
Birmingham City WFC,Charlie Wellings,14,Blocked,Open Play,Left Foot,Normal
Birmingham City WFC,Aoife Mannion,31,Saved,Penalty,Right Foot,Normal
Birmingham City WFC,Harriet Scott,32,Off T,Open Play,Right Foot,Volley
Birmingham City WFC,Marisa Ewers,51,Off T,Open Play,Left Foot,Normal
Birmingham City WFC,Charlie Wellings,52,Saved,Open Play,Right Foot,Normal
Birmingham City WFC,Lucy Staniforth,55,Blocked,Open Play,Right Foot,Normal
Birmingham City WFC,Lucy Staniforth,56,Off T,Open Play,Right Foot,Normal
Birmingham City WFC,Meaghan Sargeant,63,Saved,Open Play,Left Foot,Volley
Birmingham City WFC,Charlie Wellings,64,Off T,Open Play,Right Foot,Normal
Birmingham City WFC,Kerys Harrop,70,Off T,Open Play,Head,Normal
Birmingham City WFC,Meaghan Sargeant,74,Wayward,Open Play,Right Foot,Volley
Birmingham City WFC,Aoife Mannion,74,Goal,Open Play,Right Foot,Normal
Birmingham City WFC,Charlie Wellings,88,Blocked,Open Play,Right Foot,Normal
Birmingham City WFC,Charlie Wellings,88,Blocked,Open Play,Right Foot,Normal
Birmingham City WFC,Lucy Staniforth,92,Off T,Open Play,Right Foot,Normal
Brighton & Hove Albion WFC,Kirsty Barton,5,Off T,Open Play,Right Foot,Normal
Manchester City WFC,Georgia Stanway,5,Saved,Open Play,Right Foot,Lob
Manchester City WFC,Nikita Parris,11,Saved,Open Play,Right Foot,Normal
Manchester City WFC,Jill Louise Scott,12,Off T,Open Play,Head,Normal
Manchester City WFC,Nikita Parris,14,Off T,Open Play,Head,Normal
Manchester City WFC,Nikita Parris,17,Blocked,Open Play,Left Foot,Normal
Manchester City WFC,Keira Walsh,19,Off T,Open Play,Right Foot,Normal
Manchester City WFC,Georgia Stanway,20,Goal,Open Play,Right Foot,Normal
Manchester City WFC,Jill Louise Scott,24,Off T,Open Play,Right Foot,Normal
Brighton & Hove Albion WFC,Aileen Whelan,26,Off T,Open Play,Head,Normal
Manchester City WFC,Gemma Bonner,28,Off T,Open Play,Head,Normal
Brighton & Hove Albion WFC,Chloe Peplow,39,Off T,Open Play,Right Foot,Normal
Manchester City WFC,Georgia Stanway,40,Blocked,Open Play,Right Foot,Normal
Manchester City WFC,Caroline Weir,42,Goal,Open Play,Left Foot,Normal
Brighton & Hove Albion WFC,Danielle Josephine Buet,45,Off T,Open Play,Right Foot,Half Volley
Brighton & Hove Albion WFC,Chloe Peplow,46,Off T,Open Play,Right Foot,Normal
Manchester City WFC,Tessa Wullaert,51,Blocked,Open Play,Right Foot,Normal
Brighton & Hove Albion WFC,Ellie Brazil,54,Saved,Open Play,Right Foot,Normal
Brighton & Hove Albion WFC,Iniabasi Anefiok Umotong,54,Blocked,Open Play,Right Foot,Volley
Brighton & Hove Albion WFC,Aileen Whelan,57,Off T,Open Play,Left Foot,Normal
Manchester City WFC,Georgia Stanway,63,Goal,Open Play,Right Foot,Normal
Manchester City WFC,Georgia Stanway,67,Goal,Open Play,Right Foot,Normal
Brighton & Hove Albion WFC,Iniabasi Anefiok Umotong,70,Blocked,Open Play,Right Foot,Normal
Manchester City WFC,Claire Emslie,70,Blocked,Open Play,Right Foot,Normal
Manchester City WFC,Claire Emslie,70,Saved,Open Play,Right Foot,Normal
Brighton & Hove Albion WFC,Aileen Whelan,72,Wayward,Open Play,Head,Normal
Brighton & Hove Albion WFC,Victoria Williams,72,Wayward,Open Play,Head,Normal
Brighton & Hove Albion WFC,Victoria Williams,78,Off T,Open Play,Right Foot,Normal
Manchester City WFC,Caroline Weir,80,Off T,Open Play,Right Foot,Normal
Brighton & Hove Albion WFC,Iniabasi Anefiok Umotong,81,Off T,Open Play,Right Foot,Volley
Manchester City WFC,Nikita Parris,82,Off T,Open Play,Right Foot,Normal
Manchester City WFC,Nikita Parris,85,Saved,Open Play,Right Foot,Normal
Manchester City WFC,Georgia Stanway,85,Off T,Open Play,Right Foot,Normal
Manchester City WFC,Nikita Parris,86,Goal,Open Play,Head,Normal
Manchester City WFC,Claire Emslie,90,Goal,Open Play,Right Foot,Normal
West Ham United LFC,Alisha Lehmann,6,Blocked,Open Play,Right Foot,Normal
Liverpool WFC,Niamh Charles,6,Saved,Open Play,Head,Normal
Liverpool WFC,Courtney Sweetman-Kirk,6,Saved,Open Play,Head,Normal
Liverpool WFC,Courtney Sweetman-Kirk,6,Goal,Open Play,Right Foot,Backheel
Liverpool WFC,Jessica Anne Clarke,11,Off T,Open Play,Right Foot,Normal
Liverpool WFC,Christie Murray,13,Off T,Open Play,Right Foot,Normal
West Ham United LFC,Leanne Kiernan,23,Off T,Open Play,Right Foot,Normal
West Ham United LFC,Brianna Visalli,24,Saved,Open Play,Right Foot,Normal
Liverpool WFC,Rhiannon Roberts,31,Saved,Open Play,Head,Normal
Liverpool WFC,Jessica Anne Clarke,38,Off T,Open Play,Right Foot,Normal
Liverpool WFC,Jessica Anne Clarke,45,Blocked,Open Play,Right Foot,Normal
West Ham United LFC,Leanne Kiernan,46,Saved,Open Play,Right Foot,Normal
West Ham United LFC,Brianna Visalli,58,Wayward,Open Play,Head,Normal
West Ham United LFC,Alisha Lehmann,66,Blocked,Open Play,Right Foot,Normal
Liverpool WFC,Kirsty Linnett,70,Saved,Open Play,Right Foot,Normal
West Ham United LFC,Gilly Louise Scarlett Flaherty,79,Saved,Open Play,Head,Normal
West Ham United LFC,Gilly Louise Scarlett Flaherty,79,Off T,Open Play,Head,Normal
Liverpool WFC,Jessica Anne Clarke,81,Saved,Open Play,Left Foot,Normal
Liverpool WFC,Rinsola Babajide,84,Saved,Open Play,Left Foot,Normal
West Ham United LFC,Gilly Louise Scarlett Flaherty,90,Blocked,Open Play,Head,Normal
Reading WFC,Remi Allen,0,Blocked,Open Play,Right Foot,Normal
Arsenal WFC,Vivianne Miedema,2,Goal,Open Play,Head,Normal
Arsenal WFC,Vivianne Miedema,3,Saved,Open Play,Right Foot,Normal
Arsenal WFC,Jordan Nobbs,5,Blocked,Open Play,Right Foot,Normal
Arsenal WFC,Jordan Nobbs,6,Goal,Open Play,Right Foot,Normal
Arsenal WFC,Vivianne Miedema,9,Off T,Open Play,Left Foot,Normal
Arsenal WFC,Bethany Mead,11,Off T,Open Play,Right Foot,Normal
Arsenal WFC,Lisa Evans,18,Wayward,Open Play,Right Foot,Normal
Reading WFC,Remi Allen,22,Off T,Open Play,Right Foot,Normal
Arsenal WFC,Jordan Nobbs,29,Off T,Open Play,Head,Normal
Reading WFC,Gemma Suzanne Davison,36,Blocked,Open Play,Right Foot,Normal
Reading WFC,Fara Tanya Franki Williams Merrett,37,Saved,Open Play,Right Foot,Lob
Arsenal WFC,Jordan Nobbs,41,Wayward,Open Play,Right Foot,Volley
Arsenal WFC,Bethany Mead,46,Goal,Open Play,Right Foot,Normal
Arsenal WFC,Lisa Evans,47,Off T,Open Play,Right Foot,Normal
Arsenal WFC,Vivianne Miedema,48,Goal,Open Play,Left Foot,Normal
Arsenal WFC,Vivianne Miedema,52,Saved,Open Play,Left Foot,Normal
Arsenal WFC,Katie McCabe,53,Off T,Open Play,Left Foot,Half Volley
Arsenal WFC,Bethany Mead,54,Off T,Open Play,Right Foot,Volley
Arsenal WFC,Jordan Nobbs,67,Off T,Open Play,Left Foot,Normal
Arsenal WFC,Louise Quinn,71,Off T,Open Play,Head,Normal
Arsenal WFC,Danielle Van de Donk,75,Goal,Open Play,Right Foot,Normal
Arsenal WFC,Vivianne Miedema,84,Goal,Open Play,Right Foot,Normal
Arsenal WFC,Katie McCabe,89,Blocked,Open Play,Left Foot,Normal
Arsenal WFC,Vivianne Miedema,90,Blocked,Open Play,Right Foot,Half Volley
Arsenal WFC,Katie McCabe,92,Blocked,Open Play,Left Foot,Normal
Bristol City WFC,Julie Biesmans,2,Off T,Free Kick,Right Foot,Normal
Bristol City WFC,Heather Payne,16,Blocked,Open Play,Right Foot,Volley
Bristol City WFC,Loren Dykes,16,Off T,Open Play,Left Foot,Normal
Yeovil Town LFC,Amber Gaylor,24,Blocked,Open Play,Head,Normal
Bristol City WFC,Ella Rutherford,28,Off T,Open Play,Left Foot,Normal
Bristol City WFC,Lucy Graham,31,Goal,Open Play,Right Foot,Volley
Yeovil Town LFC,Amber Gaylor,32,Goal,Open Play,Left Foot,Normal
Yeovil Town LFC,Ellie Mason,39,Saved,Open Play,Left Foot,Normal
Yeovil Town LFC,Shannon Albuery,48,Blocked,Open Play,Head,Normal
Yeovil Town LFC,Amber Gaylor,48,Saved,Open Play,Left Foot,Normal
Bristol City WFC,Juliette Kemppi,49,Off T,Open Play,Right Foot,Normal
Bristol City WFC,Lucy Graham,50,Off T,Open Play,Head,Diving Header
Bristol City WFC,Ella Rutherford,57,Saved,Free Kick,Left Foot,Normal
Bristol City WFC,Ella Rutherford,62,Off T,Open Play,Left Foot,Normal
Bristol City WFC,Carla Humphrey,63,Saved,Open Play,Right Foot,Normal
Bristol City WFC,Rosella Ayane,64,Saved,Open Play,Left Foot,Volley
Bristol City WFC,Carla Humphrey,69,Blocked,Open Play,Left Foot,Normal
Bristol City WFC,Lucy Graham,72,Goal,Open Play,Head,Normal
Yeovil Town LFC,Ellie Mason,74,Saved,Open Play,Left Foot,Normal
Yeovil Town LFC,Hannah Short,76,Off T,Open Play,Head,Normal
Bristol City WFC,Carla Humphrey,79,Off T,Open Play,Right Foot,Normal
Bristol City WFC,Lucy Graham,89,Off T,Open Play,Right Foot,Volley
Yeovil Town LFC,Anne-Marie Heatherson,90,Saved,Open Play,Right Foot,Normal
Chelsea LFC,Francesca Kirby,4,Blocked,Open Play,Left Foot,Normal
Chelsea LFC,Bethany England,11,Off T,Open Play,Head,Normal
Chelsea LFC,Drew Spence,18,Saved,Open Play,Left Foot,Normal
Birmingham City WFC,Chloe Arthur,23,Off T,Open Play,Left Foot,Normal
Chelsea LFC,Bethany England,23,Off T,Open Play,Right Foot,Normal
Birmingham City WFC,Charlie Wellings,26,Wayward,Open Play,Left Foot,Normal
Chelsea LFC,Francesca Kirby,27,Saved,Open Play,Right Foot,Normal
Chelsea LFC,Erin Cuthbert,32,Off T,Open Play,Right Foot,Normal
Chelsea LFC,Francesca Kirby,33,Saved,Open Play,Head,Normal
Chelsea LFC,Erin Cuthbert,33,Off T,Open Play,Left Foot,Volley
Chelsea LFC,So-yun Ji,45,Blocked,Open Play,Right Foot,Normal
Chelsea LFC,Francesca Kirby,54,Saved,Open Play,Right Foot,Backheel
Chelsea LFC,Erin Cuthbert,58,Saved,Open Play,Right Foot,Normal
Chelsea LFC,Francesca Kirby,59,Blocked,Open Play,Left Foot,Normal
Chelsea LFC,Karen Julia Carney,68,Saved,Open Play,Head,Normal
Chelsea LFC,Francesca Kirby,70,Blocked,Open Play,Right Foot,Normal
Chelsea LFC,Magdalena Ericsson,70,Wayward,Open Play,Head,Normal
Chelsea LFC,Karen Julia Carney,74,Saved,Penalty,Right Foot,Normal
Chelsea LFC,Millie Bright,75,Off T,Open Play,Head,Normal
Chelsea LFC,So-yun Ji,86,Saved,Open Play,Head,Normal
Chelsea LFC,Francesca Kirby,87,Blocked,Open Play,Left Foot,Backheel
Chelsea LFC,So-yun Ji,87,Off T,Open Play,Right Foot,Normal
Chelsea LFC,Francesca Kirby,89,Blocked,Open Play,Right Foot,Normal
Chelsea LFC,So-yun Ji,91,Blocked,Open Play,Left Foot,Normal
Bristol City WFC,Poppy Pattinson,2,Off T,Open Play,Left Foot,Normal
Arsenal WFC,Vivianne Miedema,4,Saved,Open Play,Left Foot,Normal
Arsenal WFC,Jordan Nobbs,8,Saved,Open Play,Right Foot,Half Volley
Arsenal WFC,Vivianne Miedema,10,Off T,Open Play,Left Foot,Normal
Arsenal WFC,Jordan Nobbs,12,Goal,Open Play,Left Foot,Normal
Arsenal WFC,Dominique Johanna Anna Petronella Janssen,16,Off T,Open Play,Right Foot,Normal
Arsenal WFC,Vivianne Miedema,18,Blocked,Open Play,Right Foot,Normal
Arsenal WFC,Danielle Van de Donk,22,Blocked,Open Play,Right Foot,Normal
Arsenal WFC,Louise Quinn,22,Off T,Open Play,Head,Normal
Arsenal WFC,Vivianne Miedema,40,Goal,Open Play,Right Foot,Normal
Arsenal WFC,Katie McCabe,46,Saved,Open Play,Left Foot,Normal
Arsenal WFC,Jordan Nobbs,47,Saved,Open Play,Right Foot,Normal
Arsenal WFC,Jordan Nobbs,51,Off T,Open Play,Head,Normal
Arsenal WFC,Vivianne Miedema,58,Blocked,Open Play,Right Foot,Normal
Arsenal WFC,Jordan Nobbs,59,Saved,Open Play,Right Foot,Normal
Arsenal WFC,Vivianne Miedema,59,Saved,Open Play,Left Foot,Normal
Arsenal WFC,Vivianne Miedema,61,Blocked,Open Play,Right Foot,Normal
Arsenal WFC,Danielle Van de Donk,62,Saved,Open Play,Right Foot,Normal
Bristol City WFC,Carla Humphrey,65,Blocked,Open Play,Right Foot,Normal
Arsenal WFC,Vivianne Miedema,66,Saved,Open Play,Right Foot,Normal
Arsenal WFC,Vivianne Miedema,66,Saved,Open Play,Right Foot,Normal
Arsenal WFC,Danielle Van de Donk,67,Blocked,Open Play,Right Foot,Normal
Arsenal WFC,Vivianne Miedema,72,Saved,Open Play,Left Foot,Normal
Bristol City WFC,Ella Rutherford,75,Off T,Open Play,Left Foot,Normal
Arsenal WFC,Vivianne Miedema,81,Off T,Open Play,Left Foot,Normal
Arsenal WFC,Vivianne Miedema,87,Goal,Open Play,Head,Normal
Arsenal WFC,Lisa Evans,89,Saved,Open Play,Right Foot,Normal
Arsenal WFC,Danielle Van de Donk,89,Goal,Open Play,Right Foot,Normal
Bristol City WFC,Carla Humphrey,91,Off T,Open Play,Left Foot,Normal
Brighton & Hove Albion WFC,Danielle Josephine Buet,1,Off T,Open Play,Right Foot,Volley
Yeovil Town LFC,Ellie Mason,3,Off T,Open Play,Left Foot,Normal
Brighton & Hove Albion WFC,Iniabasi Anefiok Umotong,5,Off T,Open Play,Head,Normal
Brighton & Hove Albion WFC,Aileen Whelan,7,Off T,Open Play,Right Foot,Volley
Brighton & Hove Albion WFC,Jodie Brett,12,Goal,Open Play,Right Foot,Normal
Yeovil Town LFC,Amber Gaylor,17,Off T,Free Kick,Left Foot,Normal
Brighton & Hove Albion WFC,Kayleigh Green,20,Saved,Open Play,Right Foot,Normal
Brighton & Hove Albion WFC,Danielle Josephine Buet,21,Off T,Open Play,Right Foot,Normal
Brighton & Hove Albion WFC,Victoria Williams,31,Goal,Open Play,Right Foot,Normal
Brighton & Hove Albion WFC,Danielle Josephine Buet,35,Saved,Open Play,Right Foot,Normal
Yeovil Town LFC,Amber Gaylor,35,Off T,Open Play,Left Foot,Normal
Brighton & Hove Albion WFC,Jodie Brett,41,Saved,Open Play,Head,Normal
Brighton & Hove Albion WFC,Jodie Brett,45,Off T,Open Play,Right Foot,Half Volley
Brighton & Hove Albion WFC,Jodie Brett,53,Off T,Open Play,Right Foot,Normal
Brighton & Hove Albion WFC,Aileen Whelan,60,Off T,Open Play,Right Foot,Normal
Brighton & Hove Albion WFC,Aileen Whelan,61,Saved,Open Play,Left Foot,Normal
Yeovil Town LFC,Ellie Mason,68,Saved,Penalty,Left Foot,Normal
Yeovil Town LFC,Ellie Mason,68,Goal,Open Play,Right Foot,Normal
Brighton & Hove Albion WFC,Kayleigh Green,69,Saved,Open Play,Right Foot,Normal
Brighton & Hove Albion WFC,Aileen Whelan,69,Blocked,Open Play,Left Foot,Half Volley
Yeovil Town LFC,Amy Goddard,72,Saved,Open Play,Left Foot,Normal
Yeovil Town LFC,Anne-Marie Heatherson,74,Blocked,Open Play,Head,Normal
Brighton & Hove Albion WFC,Danielle Josephine Buet,78,Off T,Free Kick,Right Foot,Normal
Brighton & Hove Albion WFC,Iniabasi Anefiok Umotong,78,Saved,Open Play,Right Foot,Normal
Brighton & Hove Albion WFC,Victoria Williams,79,Saved,Open Play,Head,Normal
Brighton & Hove Albion WFC,Kayleigh Green,79,Off T,Open Play,Other,Normal
Everton LFC,Megan Finnigan,1,Off T,Open Play,Head,Normal
Everton LFC,Claudia Walker,4,Goal,Open Play,Right Foot,Normal
West Ham United LFC,Gilly Louise Scarlett Flaherty,13,Wayward,Open Play,Head,Normal
West Ham United LFC,Gilly Louise Scarlett Flaherty,14,Off T,Open Play,Head,Normal
West Ham United LFC,Jane Ross,22,Off T,Open Play,Right Foot,Normal
Everton LFC,Inessa Kaagman,23,Off T,Open Play,Left Foot,Normal
Everton LFC,Megan Finnigan,24,Saved,Open Play,Right Foot,Normal
West Ham United LFC,Jane Ross,26,Post,Open Play,Head,Normal
West Ham United LFC,Jane Ross,26,Goal,Open Play,Head,Normal
West Ham United LFC,Gilly Louise Scarlett Flaherty,31,Saved,Open Play,Head,Normal
West Ham United LFC,Brianna Visalli,33,Blocked,Open Play,Left Foot,Normal
West Ham United LFC,Ria Percival,33,Off T,Open Play,Right Foot,Normal
Everton LFC,Chloe Kelly,38,Blocked,Open Play,Right Foot,Normal
Everton LFC,Chloe Kelly,44,Blocked,Open Play,Right Foot,Normal
West Ham United LFC,Alisha Lehmann,44,Goal,Open Play,Right Foot,Normal
Everton LFC,Angharad James,50,Blocked,Open Play,Right Foot,Normal
Everton LFC,Inessa Kaagman,52,Off T,Open Play,Left Foot,Normal
West Ham United LFC,Jane Ross,54,Saved,Penalty,Right Foot,Normal
West Ham United LFC,Jane Ross,54,Saved,Open Play,Left Foot,Normal
Everton LFC,Megan Finnigan,61,Saved,Open Play,Right Foot,Normal
West Ham United LFC,Alisha Lehmann,62,Blocked,Open Play,Left Foot,Normal
West Ham United LFC,Brianna Visalli,64,Post,Open Play,Right Foot,Normal
West Ham United LFC,Esmee de Graaf,64,Post,Open Play,Right Foot,Volley
West Ham United LFC,Kate Longhurst,68,Blocked,Open Play,Right Foot,Normal
West Ham United LFC,Brianna Visalli,81,Saved,Open Play,Right Foot,Normal
Everton LFC,Inessa Kaagman,85,Saved,Free Kick,Left Foot,Normal
Everton LFC,Chantelle Boye-Hlorkah,95,Off T,Open Play,Right Foot,Normal
Manchester City WFC,Georgia Stanway,0,Blocked,Open Play,Left Foot,Normal
Manchester City WFC,Georgia Stanway,2,Wayward,Open Play,Right Foot,Normal
Reading WFC,Rachel Furness,4,Blocked,Open Play,Left Foot,Normal
Reading WFC,Fara Tanya Franki Williams Merrett,5,Off T,Free Kick,Right Foot,Normal
Reading WFC,Charlotte Estcourt,8,Saved,Open Play,Right Foot,Normal
Manchester City WFC,Georgia Stanway,10,Off T,Open Play,Right Foot,Normal
Manchester City WFC,Nikita Parris,17,Blocked,Open Play,Right Foot,Normal
Manchester City WFC,Tessa Wullaert,21,Saved,Open Play,Left Foot,Normal
Manchester City WFC,Jill Louise Scott,24,Off T,Open Play,Right Foot,Normal
Manchester City WFC,Georgia Stanway,28,Saved,Open Play,Right Foot,Normal
Manchester City WFC,Stephanie Houghton,29,Blocked,Open Play,Head,Normal
Manchester City WFC,Stephanie Houghton,29,Off T,Open Play,Head,Normal
Reading WFC,Rachel Furness,31,Blocked,Open Play,Right Foot,Normal
Manchester City WFC,Georgia Stanway,32,Goal,Open Play,Right Foot,Normal
Reading WFC,Remi Allen,40,Saved,Open Play,Right Foot,Normal
Manchester City WFC,Georgia Stanway,42,Off T,Open Play,Right Foot,Normal
Reading WFC,Brooke Chaplen,45,Saved,Open Play,Left Foot,Normal
Reading WFC,Fara Tanya Franki Williams Merrett,45,Blocked,Open Play,Right Foot,Normal
Reading WFC,Brooke Chaplen,46,Blocked,Open Play,Right Foot,Normal
Reading WFC,Brooke Chaplen,47,Off T,Open Play,Right Foot,Normal
Reading WFC,Jade Moore,49,Blocked,Open Play,Right Foot,Normal
Reading WFC,Jade Moore,49,Goal,Open Play,Head,Normal
Manchester City WFC,Georgia Stanway,50,Off T,Open Play,Right Foot,Normal
Reading WFC,Fara Tanya Franki Williams Merrett,52,Blocked,Open Play,Left Foot,Normal
Reading WFC,Jade Moore,52,Off T,Open Play,Head,Normal
Reading WFC,Brooke Chaplen,53,Blocked,Open Play,Right Foot,Normal
Reading WFC,Fara Tanya Franki Williams Merrett,54,Blocked,Open Play,Right Foot,Normal
Reading WFC,Jade Moore,55,Off T,Open Play,Right Foot,Normal
Reading WFC,Brooke Chaplen,57,Wayward,Open Play,Right Foot,Volley
Reading WFC,Brooke Chaplen,57,Off T,Open Play,Left Foot,Volley
Reading WFC,Fara Tanya Franki Williams Merrett,61,Blocked,Open Play,Right Foot,Normal
Manchester City WFC,Georgia Stanway,62,Saved,Open Play,Right Foot,Normal
Manchester City WFC,Georgia Stanway,63,Off T,Open Play,Right Foot,Normal
Reading WFC,Lauren Bruton,64,Blocked,Open Play,Head,Normal
Reading WFC,Jade Moore,65,Wayward,Open Play,Head,Normal
Manchester City WFC,Gemma Bonner,66,Saved,Open Play,Left Foot,Normal
Manchester City WFC,Gemma Bonner,69,Saved,Open Play,Head,Normal
Manchester City WFC,Nikita Parris,69,Saved,Open Play,Right Foot,Normal
Reading WFC,Rachel Furness,72,Off T,Open Play,Left Foot,Normal
Manchester City WFC,Georgia Stanway,81,Off T,Open Play,Right Foot,Normal
Manchester City WFC,Nikita Parris,83,Saved,Open Play,Left Foot,Normal
Manchester City WFC,Jill Louise Scott,89,Off T,Open Play,Right Foot,Half Volley
Manchester City WFC,Tessa Wullaert,90,Post,Open Play,Left Foot,Normal
Manchester City WFC,Caroline Weir,93,Off T,Free Kick,Left Foot,Normal
Manchester City WFC,Jill Louise Scott,94,Saved,Open Play,Right Foot,Half Volley
Chelsea LFC,Millie Bright,7,Off T,Open Play,Right Foot,Normal
Liverpool WFC,Kirsty Linnett,8,Off T,Open Play,Left Foot,Normal
Chelsea LFC,Sophie Ingle,9,Saved,Open Play,Right Foot,Normal
Chelsea LFC,Francesca Kirby,10,Blocked,Open Play,Right Foot,Normal
Chelsea LFC,So-yun Ji,11,Saved,Open Play,Right Foot,Normal
Chelsea LFC,Drew Spence,12,Blocked,Open Play,Right Foot,Normal
Liverpool WFC,Sophie Elizabeth Bradley-Auckland,14,Saved,Open Play,Right Foot,Normal
Chelsea LFC,Erin Cuthbert,19,Blocked,Open Play,Right Foot,Normal
Chelsea LFC,Bethany England,19,Wayward,Open Play,Right Foot,Normal
Chelsea LFC,Francesca Kirby,19,Off T,Open Play,Left Foot,Normal
Chelsea LFC,Magdalena Ericsson,26,Goal,Open Play,Left Foot,Overhead Kick
Chelsea LFC,Erin Cuthbert,32,Off T,Open Play,Right Foot,Normal
Chelsea LFC,Drew Spence,37,Saved,Open Play,Head,Normal
Chelsea LFC,Drew Spence,40,Saved,Open Play,Right Foot,Normal
Chelsea LFC,Francesca Kirby,41,Saved,Open Play,Right Foot,Normal
Liverpool WFC,Rinsola Babajide,44,Blocked,Open Play,Left Foot,Normal
Liverpool WFC,Rinsola Babajide,44,Saved,Open Play,Left Foot,Normal
Liverpool WFC,Jessica Anne Clarke,47,Saved,Open Play,Right Foot,Normal
Chelsea LFC,Erin Cuthbert,50,Blocked,Open Play,Right Foot,Normal
Liverpool WFC,Rhiannon Roberts,52,Saved,Open Play,Head,Normal
Chelsea LFC,Erin Cuthbert,53,Blocked,Open Play,Right Foot,Normal
Chelsea LFC,Magdalena Ericsson,54,Off T,Open Play,Head,Normal
Chelsea LFC,So-yun Ji,56,Blocked,Open Play,Right Foot,Half Volley
Chelsea LFC,Magdalena Ericsson,57,Off T,Open Play,Head,Normal
Chelsea LFC,Erin Cuthbert,59,Blocked,Open Play,Right Foot,Normal
Chelsea LFC,Bethany England,62,Off T,Open Play,Head,Normal
Liverpool WFC,Laura Coombs,70,Blocked,Open Play,Right Foot,Normal
Chelsea LFC,Bethany England,76,Off T,Open Play,Right Foot,Normal
Chelsea LFC,Erin Cuthbert,89,Off T,Open Play,Right Foot,Normal
Arsenal WFC,Katie McCabe,2,Off T,Open Play,Left Foot,Normal
Birmingham City WFC,Emma Follis,14,Saved,Open Play,Right Foot,Normal
Birmingham City WFC,Charlie Wellings,19,Blocked,Open Play,Right Foot,Normal
Birmingham City WFC,Charlie Wellings,25,Blocked,Open Play,Right Foot,Normal
Arsenal WFC,Jordan Nobbs,29,Saved,Open Play,Right Foot,Normal
Arsenal WFC,Jordan Nobbs,30,Saved,Open Play,Right Foot,Half Volley
Arsenal WFC,Vivianne Miedema,33,Blocked,Open Play,Left Foot,Normal
Arsenal WFC,Vivianne Miedema,36,Blocked,Open Play,Right Foot,Normal
Arsenal WFC,Vivianne Miedema,43,Blocked,Open Play,Right Foot,Normal
Arsenal WFC,Danielle Van de Donk,47,Blocked,Open Play,Right Foot,Normal
Arsenal WFC,Vivianne Miedema,48,Off T,Open Play,Head,Normal
Arsenal WFC,Jordan Nobbs,54,Saved,Open Play,Right Foot,Normal
Arsenal WFC,Bethany Mead,57,Saved,Open Play,Right Foot,Normal
Arsenal WFC,Jordan Nobbs,58,Goal,Open Play,Right Foot,Normal
Birmingham City WFC,Emma Follis,59,Goal,Open Play,Right Foot,Normal
Arsenal WFC,Vivianne Miedema,65,Blocked,Open Play,Head,Normal
Arsenal WFC,Danielle Van de Donk,66,Goal,Penalty,Right Foot,Normal
Birmingham City WFC,Charlie Wellings,80,Wayward,Open Play,Head,Normal
Arsenal WFC,Vivianne Miedema,91,Wayward,Open Play,Head,Normal
Arsenal WFC,Jordan Nobbs,93,Goal,Open Play,Right Foot,Normal
Everton LFC,Chloe Kelly,1,Blocked,Open Play,Right Foot,Normal
Everton LFC,Chloe Kelly,2,Saved,Open Play,Left Foot,Normal
Yeovil Town LFC,Georgia Evans,3,Saved,Open Play,Left Foot,Normal
Everton LFC,Inessa Kaagman,4,Blocked,Open Play,Left Foot,Normal
Everton LFC,Danielle Turner,5,Saved,Open Play,Left Foot,Normal
Everton LFC,Chantelle Boye-Hlorkah,10,Saved,Open Play,Right Foot,Normal
Everton LFC,Inessa Kaagman,10,Saved,Open Play,Right Foot,Normal
Everton LFC,Chloe Kelly,13,Off T,Open Play,Right Foot,Normal
Yeovil Town LFC,Ellie Mason,16,Off T,Open Play,Head,Normal
Yeovil Town LFC,Hannah Short,20,Saved,Open Play,Right Foot,Half Volley
Everton LFC,Chantelle Boye-Hlorkah,22,Off T,Open Play,Head,Normal
Everton LFC,Chloe Kelly,23,Saved,Open Play,Right Foot,Normal
Everton LFC,Chantelle Boye-Hlorkah,27,Saved,Open Play,Right Foot,Normal
Everton LFC,Inessa Kaagman,27,Off T,Open Play,Left Foot,Normal
Everton LFC,Chantelle Boye-Hlorkah,28,Off T,Open Play,Right Foot,Normal
Everton LFC,Chantelle Boye-Hlorkah,42,Off T,Open Play,Head,Normal
Everton LFC,Dominique Bruinenberg,46,Saved,Open Play,Left Foot,Normal
Everton LFC,Chloe Kelly,48,Saved,Open Play,Right Foot,Normal
Everton LFC,Georgia Brougham,52,Off T,Open Play,Head,Normal
Everton LFC,Gabrielle George,53,Saved,Open Play,Right Foot,Normal
Yeovil Town LFC,Olivia Fergusson,55,Wayward,Open Play,Right Foot,Normal
Yeovil Town LFC,Anne-Marie Heatherson,56,Wayward,Open Play,Right Foot,Volley
Yeovil Town LFC,Bonnie Horwood,57,Saved,Open Play,Right Foot,Normal
Everton LFC,Chloe Kelly,61,Off T,Open Play,Left Foot,Normal
Everton LFC,Chantelle Boye-Hlorkah,62,Off T,Open Play,Right Foot,Normal
Everton LFC,Inessa Kaagman,64,Off T,Open Play,Left Foot,Normal
Yeovil Town LFC,Anne-Marie Heatherson,64,Saved,Open Play,Left Foot,Normal
Everton LFC,Inessa Kaagman,67,Saved,Free Kick,Left Foot,Normal
Everton LFC,Dominique Bruinenberg,75,Blocked,Open Play,Right Foot,Normal
Everton LFC,Faye Bryson,75,Off T,Open Play,Right Foot,Normal
Everton LFC,Megan Finnigan,76,Off T,Open Play,Head,Normal
Everton LFC,Gabrielle George,77,Blocked,Open Play,Right Foot,Normal
Everton LFC,Inessa Kaagman,77,Blocked,Open Play,Left Foot,Normal
Everton LFC,Chloe Kelly,77,Post,Open Play,Right Foot,Normal
Everton LFC,Chantelle Boye-Hlorkah,77,Saved,Open Play,Right Foot,Normal
Everton LFC,Chantelle Boye-Hlorkah,78,Wayward,Open Play,Right Foot,Volley
Everton LFC,Claudia Walker,80,Saved,Open Play,Right Foot,Normal
Everton LFC,Hannah Cain,81,Off T,Open Play,Right Foot,Normal
Everton LFC,Claudia Walker,84,Saved,Open Play,Right Foot,Normal
Everton LFC,Hannah Cain,87,Off T,Open Play,Right Foot,Normal
Everton LFC,Chantelle Boye-Hlorkah,92,Blocked,Open Play,Right Foot,Normal
Everton LFC,Chantelle Boye-Hlorkah,94,Off T,Open Play,Right Foot,Half Volley
Chelsea LFC,Erin Cuthbert,1,Blocked,Open Play,Right Foot,Normal
Chelsea LFC,Magdalena Ericsson,13,Off T,Open Play,Head,Normal
West Ham United LFC,Alisha Lehmann,13,Wayward,Open Play,Right Foot,Normal
Chelsea LFC,Francesca Kirby,14,Saved,Open Play,Right Foot,Normal
Chelsea LFC,Hannah Jayne Blundell,23,Saved,Open Play,Left Foot,Normal
Chelsea LFC,Drew Spence,28,Blocked,Open Play,Left Foot,Normal
Chelsea LFC,Francesca Kirby,28,Blocked,Open Play,Right Foot,Normal
Chelsea LFC,Erin Cuthbert,29,Blocked,Free Kick,Right Foot,Normal
Chelsea LFC,Bethany England,40,Saved,Open Play,Right Foot,Half Volley
Chelsea LFC,Erin Cuthbert,52,Off T,Open Play,Right Foot,Normal
Chelsea LFC,Sophie Ingle,56,Blocked,Open Play,Left Foot,Normal
West Ham United LFC,Jane Ross,59,Blocked,Open Play,Left Foot,Half Volley
West Ham United LFC,Leanne Kiernan,59,Blocked,Open Play,Left Foot,Normal
West Ham United LFC,Brianna Visalli,60,Wayward,Open Play,Left Foot,Normal
Chelsea LFC,Francesca Kirby,61,Blocked,Open Play,Right Foot,Normal
Chelsea LFC,Ramona Bachmann,61,Post,Open Play,Right Foot,Normal
Chelsea LFC,Ramona Bachmann,61,Goal,Open Play,Right Foot,Normal
West Ham United LFC,Alisha Lehmann,70,Blocked,Open Play,Right Foot,Normal
Chelsea LFC,Ramona Bachmann,84,Goal,Open Play,Right Foot,Normal
West Ham United LFC,Julia Simic,86,Off T,Free Kick,Right Foot,Normal
Chelsea LFC,Hannah Jayne Blundell,89,Off T,Open Play,Right Foot,Normal
Manchester City WFC,Nikita Parris,3,Saved,Open Play,Right Foot,Normal
Manchester City WFC,Jennifer Beattie,8,Saved,Open Play,Head,Normal
Manchester City WFC,Nikita Parris,11,Blocked,Open Play,Left Foot,Normal
Liverpool WFC,Laura Coombs,12,Blocked,Open Play,Right Foot,Normal
Manchester City WFC,Jill Louise Scott,19,Off T,Open Play,Right Foot,Normal
Manchester City WFC,Keira Walsh,23,Blocked,Open Play,Right Foot,Normal
Liverpool WFC,Niamh Charles,25,Saved,Open Play,Left Foot,Normal
Manchester City WFC,Tessa Wullaert,28,Blocked,Open Play,Left Foot,Normal
Manchester City WFC,Tessa Wullaert,28,Off T,Open Play,Right Foot,Normal
Manchester City WFC,Caroline Weir,31,Saved,Open Play,Left Foot,Normal
Manchester City WFC,Caroline Weir,45,Blocked,Open Play,Left Foot,Normal
Manchester City WFC,Stephanie Houghton,47,Blocked,Free Kick,Right Foot,Normal
Liverpool WFC,Laura Coombs,54,Blocked,Open Play,Right Foot,Normal
Liverpool WFC,Rinsola Babajide,57,Saved,Open Play,Left Foot,Normal
Manchester City WFC,Nikita Parris,58,Goal,Open Play,Right Foot,Normal
Manchester City WFC,Stephanie Houghton,67,Post,Free Kick,Right Foot,Normal
Manchester City WFC,Stephanie Houghton,72,Post,Free Kick,Right Foot,Normal
Manchester City WFC,Georgia Stanway,73,Off T,Open Play,Right Foot,Normal
Manchester City WFC,Janine Beckie,74,Blocked,Open Play,Head,Normal
Manchester City WFC,Stephanie Houghton,74,Off T,Open Play,Right Foot,Volley
Manchester City WFC,Nikita Parris,84,Goal,Penalty,Right Foot,Normal
Liverpool WFC,Rinsola Babajide,90,Off T,Open Play,Left Foot,Normal
Reading WFC,Lauren Bruton,0,Blocked,Open Play,Right Foot,Normal
Reading WFC,Lauren Bruton,2,Saved,Open Play,Right Foot,Normal
Reading WFC,Brooke Chaplen,3,Saved,Open Play,Right Foot,Normal
Reading WFC,Fara Tanya Franki Williams Merrett,9,Saved,Open Play,Left Foot,Normal
Reading WFC,Lauren Bruton,11,Blocked,Open Play,Right Foot,Normal
Reading WFC,Lauren Bruton,13,Blocked,Open Play,Right Foot,Volley
Reading WFC,Brooke Chaplen,26,Saved,Open Play,Right Foot,Normal
Reading WFC,Fara Tanya Franki Williams Merrett,31,Goal,Open Play,Right Foot,Normal
Bristol City WFC,Lucy Graham,43,Blocked,Open Play,Head,Normal
Reading WFC,Fara Tanya Franki Williams Merrett,49,Goal,Open Play,Left Foot,Volley
Bristol City WFC,Ella Rutherford,55,Saved,Open Play,Left Foot,Normal
Reading WFC,Brooke Chaplen,64,Goal,Open Play,Right Foot,Normal
Bristol City WFC,Lucy Graham,70,Off T,Open Play,Left Foot,Normal
Bristol City WFC,Lucy Graham,78,Off T,Open Play,Head,Normal
Bristol City WFC,Carla Humphrey,79,Off T,Open Play,Right Foot,Normal
Reading WFC,Brooke Chaplen,80,Blocked,Open Play,Right Foot,Normal
Reading WFC,Remi Allen,81,Wayward,Open Play,Right Foot,Normal
Reading WFC,Lauren Bruton,83,Off T,Open Play,Right Foot,Normal
Bristol City WFC,Heather Payne,84,Blocked,Open Play,Right Foot,Normal
Bristol City WFC,Ella Rutherford,91,Off T,Open Play,Left Foot,Normal
Reading WFC,Lauren Bruton,93,Saved,Open Play,Left Foot,Normal
Arsenal WFC,Jordan Nobbs,3,Saved,Open Play,Right Foot,Normal
Arsenal WFC,Jordan Nobbs,5,Off T,Open Play,Right Foot,Normal
Arsenal WFC,Vivianne Miedema,9,Saved,Open Play,Right Foot,Normal
Arsenal WFC,Bethany Mead,9,Blocked,Open Play,Right Foot,Normal
Arsenal WFC,Vivianne Miedema,9,Off T,Open Play,Right Foot,Normal
Everton LFC,Hannah Cain,12,Saved,Open Play,Left Foot,Normal
Everton LFC,Chantelle Boye-Hlorkah,13,Off T,Open Play,Head,Normal
Arsenal WFC,Vivianne Miedema,26,Saved,Open Play,Left Foot,Normal
Arsenal WFC,Danielle Van de Donk,31,Saved,Open Play,Left Foot,Backheel
Everton LFC,Simone Magill,37,Saved,Open Play,Left Foot,Half Volley
Arsenal WFC,Danielle Van de Donk,40,Blocked,Open Play,Right Foot,Normal
Arsenal WFC,Vivianne Miedema,40,Saved,Open Play,Left Foot,Normal
Arsenal WFC,Katie McCabe,40,Blocked,Open Play,Left Foot,Normal
Arsenal WFC,Danielle Van de Donk,40,Blocked,Open Play,Right Foot,Normal
Arsenal WFC,Jordan Nobbs,42,Saved,Open Play,Right Foot,Normal
Arsenal WFC,Vivianne Miedema,43,Saved,Open Play,Head,Normal
Arsenal WFC,Vivianne Miedema,43,Blocked,Open Play,Left Foot,Normal
Arsenal WFC,Danielle Van de Donk,43,Goal,Open Play,Left Foot,Normal
Arsenal WFC,Jordan Nobbs,45,Off T,Open Play,Left Foot,Normal
Arsenal WFC,Jordan Nobbs,47,Off T,Open Play,Head,Normal
Arsenal WFC,Jordan Nobbs,48,Goal,Open Play,Left Foot,Normal
Arsenal WFC,Vivianne Miedema,49,Goal,Open Play,Right Foot,Normal
Everton LFC,Hannah Cain,53,Off T,Open Play,Right Foot,Normal
Arsenal WFC,Jordan Nobbs,54,Saved,Open Play,Right Foot,Normal
Arsenal WFC,Vivianne Miedema,64,Goal,Open Play,Right Foot,Normal
Arsenal WFC,Jordan Nobbs,69,Blocked,Open Play,Right Foot,Normal
Everton LFC,Claudia Walker,75,Off T,Open Play,Right Foot,Normal
Everton LFC,Megan Finnigan,76,Off T,Open Play,Right Foot,Normal
Everton LFC,Elise Hughes,85,Off T,Open Play,Right Foot,Normal
Everton LFC,Chloe Kelly,90,Saved,Free Kick,Right Foot,Normal
Chelsea LFC,Erin Cuthbert,7,Blocked,Open Play,Right Foot,Volley
Chelsea LFC,Erin Cuthbert,7,Saved,Open Play,Right Foot,Normal
Yeovil Town LFC,Anne-Marie Heatherson,8,Saved,Open Play,Left Foot,Volley
Chelsea LFC,Jonna Andersson,9,Blocked,Open Play,Right Foot,Normal
Chelsea LFC,Karen Julia Carney,9,Off T,Open Play,Right Foot,Normal
Chelsea LFC,Sophie Ingle,13,Off T,Open Play,Right Foot,Normal
Chelsea LFC,Karen Julia Carney,15,Wayward,Open Play,Right Foot,Normal
Chelsea LFC,So-yun Ji,15,Blocked,Open Play,Right Foot,Normal
Chelsea LFC,Millie Bright,19,Blocked,Open Play,Right Foot,Normal
Chelsea LFC,Millie Bright,19,Goal,Open Play,Right Foot,Normal
Chelsea LFC,Erin Cuthbert,24,Blocked,Open Play,Left Foot,Normal
Chelsea LFC,So-yun Ji,26,Goal,Open Play,Right Foot,Normal
Chelsea LFC,Drew Spence,29,Saved,Open Play,Left Foot,Normal
Chelsea LFC,Jonna Andersson,36,Blocked,Open Play,Left Foot,Normal
Chelsea LFC,So-yun Ji,39,Off T,Free Kick,Right Foot,Normal
Chelsea LFC,Erin Cuthbert,41,Goal,Open Play,Right Foot,Volley
Chelsea LFC,Ramona Bachmann,43,Goal,Open Play,Left Foot,Normal
Chelsea LFC,Millie Bright,46,Saved,Open Play,Left Foot,Normal
Chelsea LFC,Magdalena Ericsson,46,Off T,Open Play,Left Foot,Normal
Chelsea LFC,Drew Spence,49,Off T,Open Play,Head,Normal
Chelsea LFC,So-yun Ji,50,Off T,Open Play,Right Foot,Normal
Chelsea LFC,Karen Julia Carney,52,Saved,Free Kick,Right Foot,Normal
Chelsea LFC,Magdalena Ericsson,53,Off T,Open Play,Head,Normal
Chelsea LFC,Millie Bright,54,Blocked,Open Play,Right Foot,Normal
Chelsea LFC,Ramona Bachmann,55,Wayward,Open Play,Right Foot,Normal
Chelsea LFC,Ramona Bachmann,59,Blocked,Open Play,Right Foot,Normal
Chelsea LFC,Magdalena Ericsson,59,Saved,Open Play,Left Foot,Normal
Chelsea LFC,Erin Cuthbert,59,Saved,Open Play,Right Foot,Normal
Chelsea LFC,Millie Bright,61,Saved,Open Play,Left Foot,Normal
Chelsea LFC,Jade Bailey,62,Saved,Open Play,Right Foot,Normal
Chelsea LFC,Erin Cuthbert,68,Blocked,Open Play,Right Foot,Normal
Chelsea LFC,Bethany England,72,Off T,Open Play,Left Foot,Normal
Chelsea LFC,Deanna Cooper,76,Saved,Open Play,Right Foot,Normal
Chelsea LFC,Bethany England,78,Goal,Open Play,Left Foot,Normal
Chelsea LFC,So-yun Ji,80,Saved,Open Play,Right Foot,Normal
Chelsea LFC,Magdalena Ericsson,82,Wayward,Open Play,Head,Normal
Chelsea LFC,Jonna Andersson,82,Off T,Open Play,Left Foot,Normal
Chelsea LFC,Bethany England,84,Off T,Open Play,Right Foot,Normal
Chelsea LFC,So-yun Ji,86,Saved,Open Play,Right Foot,Normal
Chelsea LFC,Magdalena Ericsson,86,Blocked,Open Play,Head,Normal
Chelsea LFC,Magdalena Ericsson,89,Blocked,Open Play,Left Foot,Volley
Chelsea LFC,So-yun Ji,89,Blocked,Open Play,Left Foot,Volley
Chelsea LFC,Hannah Jayne Blundell,89,Off T,Open Play,Left Foot,Normal
Chelsea LFC,Erin Cuthbert,91,Off T,Open Play,Right Foot,Normal
Bristol City WFC,Ella Rutherford,11,Blocked,Open Play,Left Foot,Normal
Bristol City WFC,Carla Humphrey,12,Off T,Open Play,Right Foot,Normal
Liverpool WFC,Christie Murray,13,Off T,Open Play,Left Foot,Normal
Bristol City WFC,Lucy Graham,15,Goal,Open Play,Head,Normal
Bristol City WFC,Julie Biesmans,20,Saved,Open Play,Right Foot,Normal
Bristol City WFC,Ella Rutherford,20,Goal,Open Play,Right Foot,Normal
Liverpool WFC,Niamh Fahey,30,Blocked,Open Play,Head,Normal
Liverpool WFC,Courtney Sweetman-Kirk,35,Goal,Open Play,Right Foot,Half Volley
Bristol City WFC,Lucy Graham,38,Off T,Open Play,Right Foot,Normal
Liverpool WFC,Laura Coombs,40,Off T,Open Play,Right Foot,Normal
Bristol City WFC,Rosella Ayane,52,Off T,Open Play,Left Foot,Normal
Liverpool WFC,Jessica Anne Clarke,53,Saved,Open Play,Right Foot,Normal
Bristol City WFC,Lucy Graham,57,Saved,Open Play,Left Foot,Normal
Liverpool WFC,Leandra Little,64,Saved,Open Play,Head,Normal
Liverpool WFC,Leandra Little,67,Off T,Open Play,Head,Normal
Bristol City WFC,Heather Payne,68,Off T,Open Play,Right Foot,Normal
Liverpool WFC,Jessica Anne Clarke,73,Off T,Open Play,Left Foot,Half Volley
Liverpool WFC,Laura Coombs,78,Saved,Open Play,Right Foot,Normal
Liverpool WFC,Jessica Anne Clarke,79,Blocked,Open Play,Right Foot,Normal
Liverpool WFC,Courtney Sweetman-Kirk,83,Saved,Open Play,Left Foot,Normal
Liverpool WFC,Yana Daniels,83,Blocked,Open Play,Right Foot,Normal
Brighton & Hove Albion WFC,Iniabasi Anefiok Umotong,1,Off T,Open Play,Right Foot,Normal
Reading WFC,Jade Moore,6,Saved,Open Play,Right Foot,Normal
Reading WFC,Rachel Furness,11,Off T,Open Play,Left Foot,Normal
Reading WFC,Brooke Chaplen,14,Saved,Open Play,Left Foot,Normal
Reading WFC,Fara Tanya Franki Williams Merrett,19,Post,Open Play,Left Foot,Volley
Reading WFC,Brooke Chaplen,21,Saved,Open Play,Left Foot,Normal
Reading WFC,Josanne Potter,29,Off T,Free Kick,Left Foot,Normal
Reading WFC,Fara Tanya Franki Williams Merrett,45,Saved,Open Play,Left Foot,Normal
Reading WFC,Fara Tanya Franki Williams Merrett,46,Off T,Open Play,Right Foot,Normal
Reading WFC,Rachel Furness,48,Blocked,Open Play,Left Foot,Normal
Reading WFC,Brooke Chaplen,57,Goal,Open Play,Right Foot,Normal
Brighton & Hove Albion WFC,Aileen Whelan,60,Goal,Open Play,Head,Normal
Reading WFC,Fara Tanya Franki Williams Merrett,64,Goal,Open Play,Right Foot,Normal
Reading WFC,Fara Tanya Franki Williams Merrett,76,Blocked,Open Play,Right Foot,Half Volley
Reading WFC,Brooke Chaplen,79,Blocked,Open Play,Right Foot,Normal
Reading WFC,Gemma Suzanne Davison,80,Goal,Open Play,Right Foot,Normal
Brighton & Hove Albion WFC,Aileen Whelan,82,Saved,Open Play,Right Foot,Volley
Reading WFC,Jade Moore,90,Blocked,Open Play,Right Foot,Normal
Reading WFC,Brooke Chaplen,91,Off T,Open Play,Left Foot,Normal
Reading WFC,Fara Tanya Franki Williams Merrett,92,Off T,Open Play,Right Foot,Normal
West Ham United LFC,Julia Simic,8,Blocked,Open Play,Left Foot,Volley
West Ham United LFC,Jane Ross,13,Saved,Open Play,Right Foot,Volley
Birmingham City WFC,Lucy Staniforth,14,Off T,Open Play,Right Foot,Normal
Birmingham City WFC,Kerys Harrop,18,Goal,Open Play,Head,Normal
Birmingham City WFC,Lucy Staniforth,21,Off T,Open Play,Head,Normal
Birmingham City WFC,Charlie Wellings,21,Blocked,Open Play,Right Foot,Normal
West Ham United LFC,Alisha Lehmann,30,Blocked,Open Play,Right Foot,Normal
West Ham United LFC,Leanne Kiernan,32,Off T,Open Play,Right Foot,Half Volley
Birmingham City WFC,Emma Follis,39,Goal,Open Play,Right Foot,Lob
Birmingham City WFC,Charlie Wellings,41,Saved,Open Play,Right Foot,Normal
Birmingham City WFC,Emma Follis,48,Blocked,Open Play,Right Foot,Normal
Birmingham City WFC,Paige Williams,48,Off T,Open Play,Left Foot,Normal
Birmingham City WFC,Charlie Wellings,45,Off T,Open Play,Right Foot,Normal
Birmingham City WFC,Lucy Staniforth,48,Saved,Open Play,Right Foot,Half Volley
West Ham United LFC,Brianna Visalli,50,Saved,Open Play,Right Foot,Normal
Birmingham City WFC,Harriet Scott,53,Saved,Open Play,Head,Diving Header
West Ham United LFC,Leanne Kiernan,57,Saved,Open Play,Right Foot,Normal
West Ham United LFC,Brianna Visalli,60,Off T,Open Play,Right Foot,Normal
West Ham United LFC,Julia Simic,70,Off T,Open Play,Right Foot,Lob
West Ham United LFC,Jane Ross,71,Saved,Open Play,Right Foot,Lob
Birmingham City WFC,Lucy Staniforth,78,Goal,Open Play,Right Foot,Normal
Birmingham City WFC,Lucy Staniforth,86,Wayward,Open Play,Right Foot,Normal
West Ham United LFC,Gilly Louise Scarlett Flaherty,88,Off T,Open Play,Head,Normal
West Ham United LFC,Rosie Kmita,89,Off T,Open Play,Left Foot,Normal
West Ham United LFC,Jane Ross,91,Off T,Open Play,Left Foot,Normal
